,ProductID,smiles,standardized_smiles,mol,MolWt,LogP,NumHDonors,NumHAcceptors,TPSA,NumRotatableBonds,RingCount,HeavyAtomCount,FractionCSP3,FormalCharge
0,19,CCC(C)C1(C(=O)NC(=NC1=O)[O-])CC.[Na+],CCC(C)C1(CC)C(=O)N=C([O-])NC1=O,<rdkit.Chem.rdchem.Mol object at 0x1254cc190>,234.23099999999997,-3.1943999999999972,1,3,81.59,3,1,16,0.7,0
1,35,C1C[C@H](N(C1)C(=O)[C@@H]2CSSC[C@@H](C(=O)N[C@H](C(=O)N[C@H](C(=O)N[C@H](C(=O)N[C@H](C(=O)N2)CC(=O)N)CCC(=O)N)CC3=CC=CC=C3)CC4=CC=C(C=C4)O)N)C(=O)N[C@@H](CCCN=C(N)N)C(=O)NCC(=O)N.C1=C(C=C(C(=C1O)O)O)C(=O)OC2=CC(=CC(=C2O)O)C(=O)OC[C@@H]3[C@H]([C@@H]([C@H]([C@@H](O3)OC(=O)C4=CC(=C(C(=C4)OC(=O)C5=CC(=C(C(=C5)O)O)O)O)O)OC(=O)C6=CC(=C(C(=C6)OC(=O)C7=CC(=C(C(=C7)O)O)O)O)O)OC(=O)C8=CC(=C(C(=C8)OC(=O)C9=CC(=C(C(=C9)O)O)O)O)O)OC(=O)C1=CC(=C(C(=C1)OC(=O)C1=CC(=C(C(=C1)O)O)O)O)O,O=C(OCC1OC(OC(=O)c2cc(O)c(O)c(OC(=O)c3cc(O)c(O)c(O)c3)c2)C(OC(=O)c2cc(O)c(O)c(OC(=O)c3cc(O)c(O)c(O)c3)c2)C(OC(=O)c2cc(O)c(O)c(OC(=O)c3cc(O)c(O)c(O)c3)c2)C1OC(=O)c1cc(O)c(O)c(OC(=O)c2cc(O)c(O)c(O)c2)c1)c1cc(O)c(O)c(OC(=O)c2cc(O)c(O)c(O)c2)c1,<rdkit.Chem.rdchem.Mol object at 0x1254cc200>,2785.4589999999894,-0.5664000000000373,39,62,1241.9100000000008,40,15,197,0.22950819672131148,0
2,36,C[C@H](/C=C/[C@H](C)C(C)C)[C@H]1CC[C@@H]\2[C@@]1(CCC/C2=C\C=C/3\C[C@H](CCC3=C)O)C,C=C1CCC(O)CC1=CC=C1CCCC2(C)C1CCC2C(C)C=CC(C)C(C)C,<rdkit.Chem.rdchem.Mol object at 0x1254cc3c0>,396.65900000000016,7.641000000000009,1,1,20.23,5,3,29,0.7142857142857143,0
3,72,C1=CN=C(N=C1)NS(=O)(=O)C2=CC=C(C=C2)N,Nc1ccc(S(=O)(=O)Nc2ncccn2)cc1,<rdkit.Chem.rdchem.Mol object at 0x1254ce730>,250.283,0.8595999999999999,2,5,97.97,3,2,17,0.0,0
4,78,C[C@]12CC[C@H]3C(=CCC4=C3C=CC(=C4)OS(=O)(=O)[O-])[C@@H]1CCC2=O.[Na+],CC12CCC3C(=CCc4cc(OS(=O)(=O)[O-])ccc43)C1CCC2=O,<rdkit.Chem.rdchem.Mol object at 0x1254cc430>,370.40200000000016,-0.12509999999999888,0,5,83.5,2,4,25,0.5,0
5,80,C[C@]12CC[C@H]3C(=CCC4=C3C=CC(=C4)OS(=O)(=O)[O-])[C@@H]1CCC2=O.[Na+],CC12CCC3C(=CCc4cc(OS(=O)(=O)[O-])ccc43)C1CCC2=O,<rdkit.Chem.rdchem.Mol object at 0x1254cc510>,370.40200000000016,-0.12509999999999888,0,5,83.5,2,4,25,0.5,0
6,81,C[C@]12CC[C@H]3C(=CCC4=C3C=CC(=C4)OS(=O)(=O)[O-])[C@@H]1CCC2=O.[Na+],CC12CCC3C(=CCc4cc(OS(=O)(=O)[O-])ccc43)C1CCC2=O,<rdkit.Chem.rdchem.Mol object at 0x1254cc7b0>,370.40200000000016,-0.12509999999999888,0,5,83.5,2,4,25,0.5,0
7,82,C[C@]12CC[C@H]3C(=CCC4=C3C=CC(=C4)OS(=O)(=O)[O-])[C@@H]1CCC2=O.[Na+],CC12CCC3C(=CCc4cc(OS(=O)(=O)[O-])ccc43)C1CCC2=O,<rdkit.Chem.rdchem.Mol object at 0x1254cc4a0>,370.40200000000016,-0.12509999999999888,0,5,83.5,2,4,25,0.5,0
8,83,C[C@]12CC[C@H]3C(=CCC4=C3C=CC(=C4)OS(=O)(=O)[O-])[C@@H]1CCC2=O.[Na+],CC12CCC3C(=CCc4cc(OS(=O)(=O)[O-])ccc43)C1CCC2=O,<rdkit.Chem.rdchem.Mol object at 0x1254cc580>,370.40200000000016,-0.12509999999999888,0,5,83.5,2,4,25,0.5,0
9,84,CCOC(=O)C1(CCN(CC1)C)C2=CC=CC=C2.Cl,CCOC(=O)C1(c2ccccc2)CCN(C)CC1,<rdkit.Chem.rdchem.Mol object at 0x1254cc740>,283.799,2.6349000000000014,0,3,29.54,3,2,19,0.5333333333333333,0
10,87,CCOC(=O)C1(CCN(CC1)C)C2=CC=CC=C2.Cl,CCOC(=O)C1(c2ccccc2)CCN(C)CC1,<rdkit.Chem.rdchem.Mol object at 0x1254cc5f0>,283.799,2.6349000000000014,0,3,29.54,3,2,19,0.5333333333333333,0
11,92,C[N+]1([C@@H]2CC[C@H]1CC(C2)OC(=O)C(C3=CC=CC=C3)O)C.[Br-],C[N+]1(C)C2CCC1CC(OC(=O)C(O)c1ccccc1)C2,<rdkit.Chem.rdchem.Mol object at 0x1254cc660>,370.28700000000003,-0.9629999999999976,1,3,46.53,3,3,22,0.5882352941176471,0
12,92,CN1CC[C@]23[C@@H]4[C@H]1CC5=C2C(=C(C=C5)OC)O[C@H]3C(=O)CC4.[C@@H]([C@H](C(=O)O)O)(C(=O)O)O,COc1ccc2c3c1OC1C(=O)CCC4C(C2)N(C)CCC314,<rdkit.Chem.rdchem.Mol object at 0x1254cc6d0>,449.4560000000002,-0.18929999999999825,4,8,153.82999999999998,4,5,32,0.5909090909090909,0
13,93,C[N+]1([C@@H]2CC[C@H]1CC(C2)OC(=O)C(C3=CC=CC=C3)O)C.[Br-],C[N+]1(C)C2CCC1CC(OC(=O)C(O)c1ccccc1)C2,<rdkit.Chem.rdchem.Mol object at 0x1254cc820>,370.28700000000003,-0.9629999999999976,1,3,46.53,3,3,22,0.5882352941176471,0
14,93,CN1CC[C@]23[C@@H]4[C@H]1CC5=C2C(=C(C=C5)OC)O[C@H]3C(=O)CC4.[C@@H]([C@H](C(=O)O)O)(C(=O)O)O,COc1ccc2c3c1OC1C(=O)CCC4C(C2)N(C)CCC314,<rdkit.Chem.rdchem.Mol object at 0x1254cc900>,449.4560000000002,-0.18929999999999825,4,8,153.82999999999998,4,5,32,0.5909090909090909,0
15,106,C[C@@H](CC1=CC=CC=C1)NC.Cl,CNC(C)Cc1ccccc1,<rdkit.Chem.rdchem.Mol object at 0x1254cc890>,185.69799999999998,2.2588000000000004,1,1,12.03,3,1,12,0.4,0
16,133,CC1(C(=O)N(C(=O)O1)C)C,CN1C(=O)OC(C)(C)C1=O,<rdkit.Chem.rdchem.Mol object at 0x1254cc9e0>,143.14199999999997,0.37360000000000004,0,3,46.61,0,1,10,0.6666666666666666,0
17,135,C1=CC(=CC=C1C(=O)N[C@@H](CCC(=O)O)C(=O)O)NCC2=CN=C3C(=N2)C(=O)NC(=N3)N,Nc1nc2ncc(CNc3ccc(C(=O)NC(CCC(=O)O)C(=O)O)cc3)nc2c(=O)[nH]1,<rdkit.Chem.rdchem.Mol object at 0x1254ccac0>,441.40400000000017,-0.044799999999998674,6,9,213.28,9,3,32,0.21052631578947367,0
18,138,C[C@@]1(C(=O)N2[C@H](C(=O)N3CCC[C@H]3[C@@]2(O1)O)CC4=CC=CC=C4)NC(=O)[C@@H]5C[C@H]6[C@@H](CC7=CNC8=CC=CC6=C78)N(C5)C.CS(=O)(=O)O,CN1CC(C(=O)NC2(C)OC3(O)C4CCCN4C(=O)C(Cc4ccccc4)N3C2=O)CC2c3cccc4[nH]cc(c34)CC21,<rdkit.Chem.rdchem.Mol object at 0x1254ccb30>,679.796,1.5851000000000033,4,8,172.57999999999998,4,8,48,0.5,0
19,140,C(C(CS)S)O,OCC(S)CS,<rdkit.Chem.rdchem.Mol object at 0x1254ccba0>,124.22999999999996,0.20689999999999997,3,3,20.23,2,0,6,1.0,0
20,141,CC(=O)[N-]S(=O)(=O)C1=CC=C(C=C1)N.[Na+],CC(=O)[N-]S(=O)(=O)c1ccc(N)cc1,<rdkit.Chem.rdchem.Mol object at 0x1254ccc10>,236.228,-2.1182999999999987,1,4,91.33,2,1,15,0.125,0
21,142,CC(=O)[N-]S(=O)(=O)C1=CC=C(C=C1)N.[Na+],CC(=O)[N-]S(=O)(=O)c1ccc(N)cc1,<rdkit.Chem.rdchem.Mol object at 0x1254ccc80>,236.228,-2.1182999999999987,1,4,91.33,2,1,15,0.125,0
22,143,CC(=O)[N-]S(=O)(=O)C1=CC=C(C=C1)N.[Na+],CC(=O)[N-]S(=O)(=O)c1ccc(N)cc1,<rdkit.Chem.rdchem.Mol object at 0x1254cccf0>,236.228,-2.1182999999999987,1,4,91.33,2,1,15,0.125,0
23,144,CCCCCCCCCCCCCCOS(=O)(=O)[O-].[Na+],CCCCCCCCCCCCCCOS(=O)(=O)[O-],<rdkit.Chem.rdchem.Mol object at 0x1254ccd60>,316.439,1.1683,0,4,66.43,14,0,20,1.0,0
24,145,CCCCCCCCCCCCCCOS(=O)(=O)[O-].[Na+],CCCCCCCCCCCCCCOS(=O)(=O)[O-],<rdkit.Chem.rdchem.Mol object at 0x1254ccdd0>,316.439,1.1683,0,4,66.43,14,0,20,1.0,0
25,146,CCN(CC)CCCC(C)NC1=C2C=CC(=CC2=NC=C1)Cl.OP(=O)(O)O.OP(=O)(O)O,CCN(CC)CCCC(C)Nc1ccnc2cc(Cl)ccc12,<rdkit.Chem.rdchem.Mol object at 0x1254cce40>,515.868,2.9534000000000047,7,5,183.68,8,2,32,0.5,0
26,148,CCC1(C(=O)N(C(=O)N1)C)C2=CC=CC=C2,CCC1(c2ccccc2)NC(=O)N(C)C1=O,<rdkit.Chem.rdchem.Mol object at 0x1254cceb0>,218.256,1.4735000000000003,1,2,49.410000000000004,2,2,16,0.3333333333333333,0
27,150,CC[C@@H](CO)NC(=O)[C@H]1CN([C@@H]2CC3=CNC4=CC=CC(=C34)C2=C1)C.C(=C\C(=O)O)\C(=O)O,CCC(CO)NC(=O)C1C=C2c3cccc4[nH]cc(c34)CC2N(C)C1,<rdkit.Chem.rdchem.Mol object at 0x1254ccf20>,455.5110000000002,1.6364999999999998,5,5,142.96,6,4,33,0.375,0
28,151,CC[C@@H](CO)NC(=O)[C@H]1CN([C@@H]2CC3=CNC4=CC=CC(=C34)C2=C1)C.C(=C\C(=O)O)\C(=O)O,CCC(CO)NC(=O)C1C=C2c3cccc4[nH]cc(c34)CC2N(C)C1,<rdkit.Chem.rdchem.Mol object at 0x1254ccf90>,455.5110000000002,1.6364999999999998,5,5,142.96,6,4,33,0.375,0
29,156,CCC(=O)C(CC(C)N(C)C)(C1=CC=CC=C1)C2=CC=CC=C2.Cl,CCC(=O)C(CC(C)N(C)C)(c1ccccc1)c1ccccc1,<rdkit.Chem.rdchem.Mol object at 0x1254cd000>,345.91400000000004,4.713800000000005,0,2,20.310000000000002,7,2,24,0.38095238095238093,0
30,158,CCC(=O)C(CC(C)N(C)C)(C1=CC=CC=C1)C2=CC=CC=C2.Cl,CCC(=O)C(CC(C)N(C)C)(c1ccccc1)c1ccccc1,<rdkit.Chem.rdchem.Mol object at 0x1254cd070>,345.91400000000004,4.713800000000005,0,2,20.310000000000002,7,2,24,0.38095238095238093,0
31,161,CN(C)CCOC(C1=CC=CC=C1)C2=CC=CC=C2.Cl,CN(C)CCOC(c1ccccc1)c1ccccc1,<rdkit.Chem.rdchem.Mol object at 0x1254cd0e0>,291.822,3.776000000000004,0,2,12.47,6,2,20,0.29411764705882354,0
32,163,CCCC1=CC(=O)NC(=S)N1,CCCc1cc(=O)[nH]c(=S)[nH]1,<rdkit.Chem.rdchem.Mol object at 0x1254cd150>,170.237,1.38499,2,2,48.65,2,1,11,0.42857142857142855,0
33,188,CCN(CC)CC(=O)NC1=C(C=CC=C1C)C.Cl,CCN(CC)CC(=O)Nc1c(C)cccc1C,<rdkit.Chem.rdchem.Mol object at 0x1254cd1c0>,270.804,3.005540000000002,1,2,32.34,5,1,18,0.5,0
34,189,CNC[C@@H](C1=CC(=C(C=C1)O)O)O,CNCC(O)c1ccc(O)c(O)c1,<rdkit.Chem.rdchem.Mol object at 0x1254cd230>,183.207,0.35059999999999986,4,4,72.72,3,1,13,0.3333333333333333,0
35,189,CCN(CC)CC(=O)NC1=C(C=CC=C1C)C.Cl,CCN(CC)CC(=O)Nc1c(C)cccc1C,<rdkit.Chem.rdchem.Mol object at 0x1254cd2a0>,270.804,3.005540000000002,1,2,32.34,5,1,18,0.5,0
36,190,CNC[C@@H](C1=CC(=C(C=C1)O)O)O,CNCC(O)c1ccc(O)c(O)c1,<rdkit.Chem.rdchem.Mol object at 0x1254cd310>,183.207,0.35059999999999986,4,4,72.72,3,1,13,0.3333333333333333,0
37,190,CCN(CC)CC(=O)NC1=C(C=CC=C1C)C.Cl,CCN(CC)CC(=O)Nc1c(C)cccc1C,<rdkit.Chem.rdchem.Mol object at 0x1254cd380>,270.804,3.005540000000002,1,2,32.34,5,1,18,0.5,0
38,191,CNC[C@@H](C1=CC(=C(C=C1)O)O)O,CNCC(O)c1ccc(O)c(O)c1,<rdkit.Chem.rdchem.Mol object at 0x1254cd3f0>,183.207,0.35059999999999986,4,4,72.72,3,1,13,0.3333333333333333,0
39,191,CCN(CC)CC(=O)NC1=C(C=CC=C1C)C.Cl,CCN(CC)CC(=O)Nc1c(C)cccc1C,<rdkit.Chem.rdchem.Mol object at 0x1254cd460>,270.804,3.005540000000002,1,2,32.34,5,1,18,0.5,0
40,192,CCN(CC)CC(=O)NC1=C(C=CC=C1C)C.Cl,CCN(CC)CC(=O)Nc1c(C)cccc1C,<rdkit.Chem.rdchem.Mol object at 0x1254cd4d0>,270.804,3.005540000000002,1,2,32.34,5,1,18,0.5,0
41,193,CCN(CC)CC(=O)NC1=C(C=CC=C1C)C.Cl,CCN(CC)CC(=O)Nc1c(C)cccc1C,<rdkit.Chem.rdchem.Mol object at 0x1254cd540>,270.804,3.005540000000002,1,2,32.34,5,1,18,0.5,0
42,194,CCN(CC)CC(=O)NC1=C(C=CC=C1C)C.Cl,CCN(CC)CC(=O)Nc1c(C)cccc1C,<rdkit.Chem.rdchem.Mol object at 0x1254cd5b0>,270.804,3.005540000000002,1,2,32.34,5,1,18,0.5,0
43,195,CNC[C@@H](C1=CC(=C(C=C1)O)O)O,CNCC(O)c1ccc(O)c(O)c1,<rdkit.Chem.rdchem.Mol object at 0x1254cd620>,183.207,0.35059999999999986,4,4,72.72,3,1,13,0.3333333333333333,0
44,195,CCN(CC)CC(=O)NC1=C(C=CC=C1C)C.Cl,CCN(CC)CC(=O)Nc1c(C)cccc1C,<rdkit.Chem.rdchem.Mol object at 0x1254ce1f0>,270.804,3.005540000000002,1,2,32.34,5,1,18,0.5,0
45,196,CNC[C@@H](C1=CC(=C(C=C1)O)O)O,CNCC(O)c1ccc(O)c(O)c1,<rdkit.Chem.rdchem.Mol object at 0x1254cd690>,183.207,0.35059999999999986,4,4,72.72,3,1,13,0.3333333333333333,0
46,196,CCN(CC)CC(=O)NC1=C(C=CC=C1C)C.Cl,CCN(CC)CC(=O)Nc1c(C)cccc1C,<rdkit.Chem.rdchem.Mol object at 0x1254cee30>,270.804,3.005540000000002,1,2,32.34,5,1,18,0.5,0
47,197,CNC[C@@H](C1=CC(=C(C=C1)O)O)O,CNCC(O)c1ccc(O)c(O)c1,<rdkit.Chem.rdchem.Mol object at 0x1254ceea0>,183.207,0.35059999999999986,4,4,72.72,3,1,13,0.3333333333333333,0
48,197,CCN(CC)CC(=O)NC1=C(C=CC=C1C)C.Cl,CCN(CC)CC(=O)Nc1c(C)cccc1C,<rdkit.Chem.rdchem.Mol object at 0x1254cef10>,270.804,3.005540000000002,1,2,32.34,5,1,18,0.5,0
49,198,CNC[C@@H](C1=CC(=C(C=C1)O)O)O,CNCC(O)c1ccc(O)c(O)c1,<rdkit.Chem.rdchem.Mol object at 0x1254cd700>,183.207,0.35059999999999986,4,4,72.72,3,1,13,0.3333333333333333,0
50,198,CCN(CC)CC(=O)NC1=C(C=CC=C1C)C.Cl,CCN(CC)CC(=O)Nc1c(C)cccc1C,<rdkit.Chem.rdchem.Mol object at 0x1254cd770>,270.804,3.005540000000002,1,2,32.34,5,1,18,0.5,0
51,201,C1=CC(=CC=C1N)S(=O)(=O)N,Nc1ccc(S(N)(=O)=O)cc1,<rdkit.Chem.rdchem.Mol object at 0x1254cd7e0>,172.20899999999997,-0.08379999999999999,2,3,86.18,1,1,11,0.0,0
52,203,CC(C[N+](C)(C)C)OC(=O)N.[Cl-],CC(C[N+](C)(C)C)OC(N)=O,<rdkit.Chem.rdchem.Mol object at 0x1254cd850>,196.67799999999997,-2.8195999999999968,1,2,52.32,3,0,12,0.8571428571428571,0
53,204,CC(C[N+](C)(C)C)OC(=O)N.[Cl-],CC(C[N+](C)(C)C)OC(N)=O,<rdkit.Chem.rdchem.Mol object at 0x1254cd8c0>,196.67799999999997,-2.8195999999999968,1,2,52.32,3,0,12,0.8571428571428571,0
54,205,CC(C[N+](C)(C)C)OC(=O)N.[Cl-],CC(C[N+](C)(C)C)OC(N)=O,<rdkit.Chem.rdchem.Mol object at 0x1254cd930>,196.67799999999997,-2.8195999999999968,1,2,52.32,3,0,12,0.8571428571428571,0
55,206,CC(C[N+](C)(C)C)OC(=O)N.[Cl-],CC(C[N+](C)(C)C)OC(N)=O,<rdkit.Chem.rdchem.Mol object at 0x1254ceab0>,196.67799999999997,-2.8195999999999968,1,2,52.32,3,0,12,0.8571428571428571,0
56,207,CC(C[N+](C)(C)C)OC(=O)N.[Cl-],CC(C[N+](C)(C)C)OC(N)=O,<rdkit.Chem.rdchem.Mol object at 0x1254ceb20>,196.67799999999997,-2.8195999999999968,1,2,52.32,3,0,12,0.8571428571428571,0
57,212,CN(CCCl)CCCl.Cl,CN(CCCl)CCCl,<rdkit.Chem.rdchem.Mol object at 0x1254ceb90>,192.51700000000002,1.8176,0,1,3.24,4,0,9,1.0,0
58,215,C1CCC(CC1)C(CCN2CCCCC2)(C3=CC=CC=C3)O.Cl,OC(CCN1CCCCC1)(c1ccccc1)C1CCCCC1,<rdkit.Chem.rdchem.Mol object at 0x1254cd9a0>,337.9349999999999,4.752300000000006,1,2,23.47,5,3,23,0.7,0
59,216,C1CCC(CC1)C(CCN2CCCCC2)(C3=CC=CC=C3)O.Cl,OC(CCN1CCCCC1)(c1ccccc1)C1CCCCC1,<rdkit.Chem.rdchem.Mol object at 0x1254cec00>,337.9349999999999,4.752300000000006,1,2,23.47,5,3,23,0.7,0
60,221,CC1=CC2=C(C=C1C)N(C=N2)[C@@H]3[C@@H]([C@@H]([C@H](O3)CO)OP(=O)([O-])O[C@H](C)CNC(=O)CC[C@@]4([C@H]([C@@H]5[C@]6([C@@]([C@@H](/C(=C(/C7=N/C(=C\C8=N/C(=C(\C4=N5)/C)/[C@H](C8(C)C)CCC(=O)N)/[C@H]([C@]7(C)CC(=O)N)CCC(=O)N)\C)/[N-]6)CCC(=O)N)(C)CC(=O)N)C)CC(=O)N)C)O.[C-]#N.[Co+3],CC1=C2N=C(C=C3N=C(C(C)=C4[N-]C(C)(C5N=C1C(C)(CCC(=O)NCC(C)OP(=O)([O-])OC1C(CO)OC(n6cnc7cc(C)c(C)cc76)C1O)C5CC(N)=O)C(C)(CC(N)=O)C4CCC(N)=O)C(C)(CC(N)=O)C3CCC(N)=O)C(C)(C)C2CCC(N)=O,<rdkit.Chem.rdchem.Mol object at 0x1254cda10>,1355.3879999999992,3.409210000000012,9,20,488.71000000000004,26,8,93,0.6190476190476191,0
61,222,CC1=CC2=C(C=C1C)N(C=N2)[C@@H]3[C@@H]([C@@H]([C@H](O3)CO)OP(=O)([O-])O[C@H](C)CNC(=O)CC[C@@]4([C@H]([C@@H]5[C@]6([C@@]([C@@H](/C(=C(/C7=N/C(=C\C8=N/C(=C(\C4=N5)/C)/[C@H](C8(C)C)CCC(=O)N)/[C@H]([C@]7(C)CC(=O)N)CCC(=O)N)\C)/[N-]6)CCC(=O)N)(C)CC(=O)N)C)CC(=O)N)C)O.[C-]#N.[Co+3],CC1=C2N=C(C=C3N=C(C(C)=C4[N-]C(C)(C5N=C1C(C)(CCC(=O)NCC(C)OP(=O)([O-])OC1C(CO)OC(n6cnc7cc(C)c(C)cc76)C1O)C5CC(N)=O)C(C)(CC(N)=O)C4CCC(N)=O)C(C)(CC(N)=O)C3CCC(N)=O)C(C)(C)C2CCC(N)=O,<rdkit.Chem.rdchem.Mol object at 0x1254cda80>,1355.3879999999992,3.409210000000012,9,20,488.71000000000004,26,8,93,0.6190476190476191,0
62,230,CCCCCCCCCCCCCCCC(=O)OC/C=C(\C)/C=C/C=C(\C)/C=C/C1=C(CCCC1(C)C)C,CCCCCCCCCCCCCCCC(=O)OCC=C(C)C=CC=C(C)C=CC1=C(C)CCCC1(C)C,<rdkit.Chem.rdchem.Mol object at 0x1254cdaf0>,524.8740000000004,11.542499999999986,0,2,26.3,20,1,38,0.6944444444444444,0
63,241,CCN(C1=CC=CC=C1C)C(=O)/C=C/C,CC=CC(=O)N(CC)c1ccccc1C,<rdkit.Chem.rdchem.Mol object at 0x1254cdf50>,203.28499999999997,2.9240200000000014,0,1,20.310000000000002,3,1,15,0.3076923076923077,0
64,244,C1=CC=NC(=C1)NS(=O)(=O)C2=CC=C(C=C2)N=NC3=CC(=C(C=C3)O)C(=O)O,O=C(O)c1cc(N=Nc2ccc(S(=O)(=O)Nc3ccccn3)cc2)ccc1O,<rdkit.Chem.rdchem.Mol object at 0x1254cdb60>,398.40000000000015,3.701600000000002,3,7,141.31,6,3,28,0.0,0
65,245,C1=CC=NC(=C1)NS(=O)(=O)C2=CC=C(C=C2)N=NC3=CC(=C(C=C3)O)C(=O)O,O=C(O)c1cc(N=Nc2ccc(S(=O)(=O)Nc3ccccn3)cc2)ccc1O,<rdkit.Chem.rdchem.Mol object at 0x1254cdbd0>,398.40000000000015,3.701600000000002,3,7,141.31,6,3,28,0.0,0
66,251,CCN(CC)CCNC(=O)C1=CC=C(C=C1)N.Cl,CCN(CC)CCNC(=O)c1ccc(N)cc1,<rdkit.Chem.rdchem.Mol object at 0x1254cdc40>,271.792,1.7622,2,3,58.36,6,1,18,0.46153846153846156,0
67,252,CCN(CC)CCNC(=O)C1=CC=C(C=C1)N.Cl,CCN(CC)CCNC(=O)c1ccc(N)cc1,<rdkit.Chem.rdchem.Mol object at 0x1254cdcb0>,271.792,1.7622,2,3,58.36,6,1,18,0.46153846153846156,0
68,253,CCN(CC)CCNC(=O)C1=CC=C(C=C1)N.Cl,CCN(CC)CCNC(=O)c1ccc(N)cc1,<rdkit.Chem.rdchem.Mol object at 0x1254cdd20>,271.792,1.7622,2,3,58.36,6,1,18,0.46153846153846156,0
69,254,CCN(CC)CCNC(=O)C1=CC=C(C=C1)N.Cl,CCN(CC)CCNC(=O)c1ccc(N)cc1,<rdkit.Chem.rdchem.Mol object at 0x1254cdd90>,271.792,1.7622,2,3,58.36,6,1,18,0.46153846153846156,0
70,255,CCN(CC)CCNC(=O)C1=CC=C(C=C1)N.Cl,CCN(CC)CCNC(=O)c1ccc(N)cc1,<rdkit.Chem.rdchem.Mol object at 0x1254cde00>,271.792,1.7622,2,3,58.36,6,1,18,0.46153846153846156,0
71,260,CC(=O)OC1=CC=CC=C1C(=O)O,CC(=O)Oc1ccccc1C(=O)O,<rdkit.Chem.rdchem.Mol object at 0x1254cde70>,180.15899999999996,1.3101,1,3,63.60000000000001,2,1,13,0.1111111111111111,0
72,260,CN1CC[C@]23[C@@H]4C(=O)CC[C@]2([C@H]1CC5=C3C(=C(C=C5)OC)O4)O.Cl,COc1ccc2c3c1OC1C(=O)CCC4(O)C(C2)N(C)CCC314,<rdkit.Chem.rdchem.Mol object at 0x1254ce7a0>,351.83,1.4699999999999998,1,5,59.0,1,5,24,0.6111111111111112,0
73,263,CCN(CC)CCOC(=O)C1(CCCCC1)C2CCCCC2.Cl,CCN(CC)CCOC(=O)C1(C2CCCCC2)CCCCC1,<rdkit.Chem.rdchem.Mol object at 0x1254cdee0>,345.9550000000001,4.824000000000006,0,3,29.54,7,2,23,0.9473684210526315,0
74,264,CCN(CC)CCOC(=O)C1(CCCCC1)C2CCCCC2.Cl,CCN(CC)CCOC(=O)C1(C2CCCCC2)CCCCC1,<rdkit.Chem.rdchem.Mol object at 0x1254cdfc0>,345.9550000000001,4.824000000000006,0,3,29.54,7,2,23,0.9473684210526315,0
75,269,C1=CC(=C(C=C1[C@H](CN)O)O)O.[C@@H]([C@H](C(=O)O)O)(C(=O)O)O.O,NCC(O)c1ccc(O)c(O)c1,<rdkit.Chem.rdchem.Mol object at 0x1254ce030>,337.2810000000001,-2.8573999999999993,8,8,233.26999999999998,5,1,23,0.3333333333333333,0
76,270,CN1C=CNC1=S,Cn1cc[nH]c1=S,<rdkit.Chem.rdchem.Mol object at 0x1254ce0a0>,114.173,1.08269,1,2,20.72,0,1,7,0.25,0
77,271,CN1C=CNC1=S,Cn1cc[nH]c1=S,<rdkit.Chem.rdchem.Mol object at 0x1254ce110>,114.173,1.08269,1,2,20.72,0,1,7,0.25,0
78,272,COC1=CC2=C(C=CN=C2C=C1)[C@@H]([C@H]3C[C@@H]4CCN3C[C@@H]4C=C)O.C([C@H]([C@H]([C@@H]([C@H](C(=O)O)O)O)O)O)O,C=CC1CN2CCC1CC2C(O)c1ccnc2ccc(OC)cc12,<rdkit.Chem.rdchem.Mol object at 0x1254ce180>,520.5790000000003,-0.31989999999999963,7,10,184.04,9,5,37,0.5384615384615384,0
79,276,CN(C)CCC(C1=CC=C(C=C1)Cl)C2=CC=CC=N2.C(=C\C(=O)O)\C(=O)O,CN(C)CCC(c1ccc(Cl)cc1)c1ccccn1,<rdkit.Chem.rdchem.Mol object at 0x1254ce260>,390.86700000000013,3.5304,2,4,90.73,7,2,27,0.25,0
80,277,CN(C)CCC(C1=CC=C(C=C1)Cl)C2=CC=CC=N2.C(=C\C(=O)O)\C(=O)O,CN(C)CCC(c1ccc(Cl)cc1)c1ccccn1,<rdkit.Chem.rdchem.Mol object at 0x1254ce2d0>,390.86700000000013,3.5304,2,4,90.73,7,2,27,0.25,0
81,278,C1=CC=C(C=C1)CC(=O)NC(=O)N,NC(=O)NC(=O)Cc1ccccc1,<rdkit.Chem.rdchem.Mol object at 0x1254ce340>,178.19099999999997,0.4240000000000001,2,2,72.19,2,1,13,0.1111111111111111,0
82,279,CC(=O)OCC(=O)[C@]1(CC[C@@H]2[C@@]1(CC(=O)[C@H]3[C@H]2CCC4=CC(=O)CC[C@]34C)C)O,CC(=O)OCC(=O)C1(O)CCC2C3CCC4=CC(=O)CCC4(C)C3C(=O)CC21C,<rdkit.Chem.rdchem.Mol object at 0x1254ce3b0>,402.48700000000025,2.5606000000000004,1,6,97.74000000000001,3,4,29,0.7391304347826086,0
83,287,CCN(CC)C(=S)SSC(=S)N(CC)CC,CCN(CC)C(=S)SSC(=S)N(CC)CC,<rdkit.Chem.rdchem.Mol object at 0x1254ce420>,296.5520000000001,3.6212000000000026,0,4,6.48,4,0,16,0.8,0
84,288,CCN(CC)C(=S)SSC(=S)N(CC)CC,CCN(CC)C(=S)SSC(=S)N(CC)CC,<rdkit.Chem.rdchem.Mol object at 0x1254ce490>,296.5520000000001,3.6212000000000026,0,4,6.48,4,0,16,0.8,0
85,289,CCCN(CCC)S(=O)(=O)C1=CC=C(C=C1)C(=O)O,CCCN(CCC)S(=O)(=O)c1ccc(C(=O)O)cc1,<rdkit.Chem.rdchem.Mol object at 0x1254ce5e0>,285.365,2.1955,1,3,74.68,7,1,19,0.46153846153846156,0
86,290,CC(CN1C2=CC=CC=C2SC3=CC=CC=C31)N(C)C.Cl,CC(CN1c2ccccc2Sc2ccccc21)N(C)C,<rdkit.Chem.rdchem.Mol object at 0x1254ce650>,320.88899999999995,4.6612000000000045,0,3,6.48,3,3,21,0.29411764705882354,0
87,291,CC(CN1C2=CC=CC=C2SC3=CC=CC=C31)N(C)C.Cl,CC(CN1c2ccccc2Sc2ccccc21)N(C)C,<rdkit.Chem.rdchem.Mol object at 0x1254ce6c0>,320.88899999999995,4.6612000000000045,0,3,6.48,3,3,21,0.29411764705882354,0
88,292,CC(CN1C2=CC=CC=C2SC3=CC=CC=C31)N(C)C.Cl,CC(CN1c2ccccc2Sc2ccccc21)N(C)C,<rdkit.Chem.rdchem.Mol object at 0x1254ce810>,320.88899999999995,4.6612000000000045,0,3,6.48,3,3,21,0.29411764705882354,0
89,293,S=[Se],S=[Se],<rdkit.Chem.rdchem.Mol object at 0x1254ce880>,111.02699999999999,0.26739999999999997,0,1,0.0,0,0,2,0.0,0
90,297,CC[N+](C)(C)C1=CC(=CC=C1)O.[Cl-],CC[N+](C)(C)c1cccc(O)c1,<rdkit.Chem.rdchem.Mol object at 0x1254ce8f0>,201.697,-1.0169999999999997,1,1,20.23,2,1,13,0.4,0
91,298,CC[N+](C)(C)C1=CC(=CC=C1)O.[Cl-],CC[N+](C)(C)c1cccc(O)c1,<rdkit.Chem.rdchem.Mol object at 0x1254ce960>,201.697,-1.0169999999999997,1,1,20.23,2,1,13,0.4,0
92,299,CCN(CC)CCOC(=O)C1(CCCCC1)C2CCCCC2.Cl,CCN(CC)CCOC(=O)C1(C2CCCCC2)CCCCC1,<rdkit.Chem.rdchem.Mol object at 0x1254ce9d0>,345.9550000000001,4.824000000000006,0,3,29.54,7,2,23,0.9473684210526315,0
93,303,CCN(CC)CC(=O)NC1=C(C=CC=C1C)C,CCN(CC)CC(=O)Nc1c(C)cccc1C,<rdkit.Chem.rdchem.Mol object at 0x1254cec70>,234.343,2.5837400000000006,1,2,32.34,5,1,17,0.5,0
94,304,CN(CC1=CN=C2C(=N1)C(=NC(=N2)N)N)C3=CC=C(C=C3)C(=O)N[C@@H](CCC(=O)[O-])C(=O)[O-].[Na+].[Na+],CN(Cc1cnc2nc(N)nc(N)c2n1)c1ccc(C(=O)NC(CCC(=O)[O-])C(=O)[O-])cc1,<rdkit.Chem.rdchem.Mol object at 0x1254cece0>,498.4110000000003,-8.393000000000011,3,12,216.2,9,3,35,0.25,0
95,306,C1C(N(C2=C(N1)N=C(NC2=O)N)C=O)CNC3=CC=C(C=C3)C(=O)N[C@@H](CCC(=O)[O-])C(=O)[O-].[Ca+2],Nc1nc2c(c(=O)[nH]1)N(C=O)C(CNc1ccc(C(=O)NC(CCC(=O)[O-])C(=O)[O-])cc1)CN2,<rdkit.Chem.rdchem.Mol object at 0x1254ced50>,511.50800000000027,-3.7812999999999963,5,11,225.5,10,3,35,0.3,0
96,307,C1C(N(C2=C(N1)N=C(NC2=O)N)C=O)CNC3=CC=C(C=C3)C(=O)N[C@@H](CCC(=O)[O-])C(=O)[O-].[Ca+2],Nc1nc2c(c(=O)[nH]1)N(C=O)C(CNc1ccc(C(=O)NC(CCC(=O)[O-])C(=O)[O-])cc1)CN2,<rdkit.Chem.rdchem.Mol object at 0x1254cedc0>,511.50800000000027,-3.7812999999999963,5,11,225.5,10,3,35,0.3,0
97,309,C1C(N(C2=C(N1)N=C(NC2=O)N)C=O)CNC3=CC=C(C=C3)C(=O)N[C@@H](CCC(=O)[O-])C(=O)[O-].[Ca+2],Nc1nc2c(c(=O)[nH]1)N(C=O)C(CNc1ccc(C(=O)NC(CCC(=O)[O-])C(=O)[O-])cc1)CN2,<rdkit.Chem.rdchem.Mol object at 0x1254cef80>,511.50800000000027,-3.7812999999999963,5,11,225.5,10,3,35,0.3,0
98,310,C1C(N(C2=C(N1)N=C(NC2=O)N)C=O)CNC3=CC=C(C=C3)C(=O)N[C@@H](CCC(=O)[O-])C(=O)[O-].[Ca+2],Nc1nc2c(c(=O)[nH]1)N(C=O)C(CNc1ccc(C(=O)NC(CCC(=O)[O-])C(=O)[O-])cc1)CN2,<rdkit.Chem.rdchem.Mol object at 0x1254cf0d0>,511.50800000000027,-3.7812999999999963,5,11,225.5,10,3,35,0.3,0
99,321,CC1=CC=C(C=C1)N(CC2=NCCN2)C3=CC(=CC=C3)O.CS(=O)(=O)O,Cc1ccc(N(CC2=NCCN2)c2cccc(O)c2)cc1,<rdkit.Chem.rdchem.Mol object at 0x123974040>,377.46600000000007,2.3444199999999995,3,6,102.23,4,3,26,0.2777777777777778,0
100,324,C1=CC=C2C(=C1)C=NN=C2NN.Cl,NNc1nncc2ccccc12,<rdkit.Chem.rdchem.Mol object at 0x1239740b0>,196.64100000000002,1.3371999999999995,2,4,63.83,1,2,13,0.0,0
101,325,C1=CC=C2C(=C1)C=NN=C2NN.Cl,NNc1nncc2ccccc12,<rdkit.Chem.rdchem.Mol object at 0x123974120>,196.64100000000002,1.3371999999999995,2,4,63.83,1,2,13,0.0,0
102,326,C1=CC=C2C(=C1)C=NN=C2NN.Cl,NNc1nncc2ccccc12,<rdkit.Chem.rdchem.Mol object at 0x123974190>,196.64100000000002,1.3371999999999995,2,4,63.83,1,2,13,0.0,0
103,327,C1=CC=C2C(=C1)C=NN=C2NN.Cl,NNc1nncc2ccccc12,<rdkit.Chem.rdchem.Mol object at 0x123974200>,196.64100000000002,1.3371999999999995,2,4,63.83,1,2,13,0.0,0
104,328,C1=CC=C2C(=C1)C=NN=C2NN.Cl,NNc1nncc2ccccc12,<rdkit.Chem.rdchem.Mol object at 0x123974270>,196.64100000000002,1.3371999999999995,2,4,63.83,1,2,13,0.0,0
105,329,CN1CC[C@]23[C@@H]4[C@H]1CC5=C2C(=C(C=C5)OC)O[C@H]3[C@H](C=C4)O.OP(=O)(O)O,COc1ccc2c3c1OC1C(O)C=CC4C(C2)N(C)CCC341,<rdkit.Chem.rdchem.Mol object at 0x1239742e0>,397.36400000000003,0.5724999999999998,4,5,119.69000000000003,1,5,27,0.5555555555555556,0
106,329,CC(CN1C2=CC=CC=C2SC3=CC=CC=C31)N(C)C.Cl,CC(CN1c2ccccc2Sc2ccccc21)N(C)C,<rdkit.Chem.rdchem.Mol object at 0x123974350>,320.88899999999995,4.6612000000000045,0,3,6.48,3,3,21,0.29411764705882354,0
107,330,CN1CC[C@]23[C@@H]4[C@H]1CC5=C2C(=C(C=C5)OC)O[C@H]3[C@H](C=C4)O.OP(=O)(O)O,COc1ccc2c3c1OC1C(O)C=CC4C(C2)N(C)CCC341,<rdkit.Chem.rdchem.Mol object at 0x1239743c0>,397.36400000000003,0.5724999999999998,4,5,119.69000000000003,1,5,27,0.5555555555555556,0
108,330,CNC[C@@H](C1=CC(=CC=C1)O)O.Cl,CNCC(O)c1cccc(O)c1,<rdkit.Chem.rdchem.Mol object at 0x123974430>,203.669,1.0667999999999997,3,3,52.489999999999995,3,1,13,0.3333333333333333,0
109,330,CC(CN1C2=CC=CC=C2SC3=CC=CC=C31)N(C)C.Cl,CC(CN1c2ccccc2Sc2ccccc21)N(C)C,<rdkit.Chem.rdchem.Mol object at 0x1239744a0>,320.88899999999995,4.6612000000000045,0,3,6.48,3,3,21,0.29411764705882354,0
110,331,CC(CCCN)NC1=C2C(=CC(=C1)OC)C=CC=N2.OP(=O)(O)O.OP(=O)(O)O,COc1cc(NC(C)CCCN)c2ncccc2c1,<rdkit.Chem.rdchem.Mol object at 0x123974510>,455.34100000000007,0.9255000000000004,8,6,215.68999999999997,6,2,29,0.4,0
111,337,CCN(CC)CCOC(=O)C1(CCCCC1)C2CCCCC2.Cl,CCN(CC)CCOC(=O)C1(C2CCCCC2)CCCCC1,<rdkit.Chem.rdchem.Mol object at 0x123974580>,345.9550000000001,4.824000000000006,0,3,29.54,7,2,23,0.9473684210526315,0
112,338,CCN(CC)CCOC(=O)C1(CCCCC1)C2CCCCC2.Cl,CCN(CC)CCOC(=O)C1(C2CCCCC2)CCCCC1,<rdkit.Chem.rdchem.Mol object at 0x1239745f0>,345.9550000000001,4.824000000000006,0,3,29.54,7,2,23,0.9473684210526315,0
113,339,C[C@@H](C(=O)N[C@@H](CCC(=O)O)C(=O)N[C@@H](CC(=O)O)C(=O)N[C@@H](CCC(=O)O)C(=O)N[C@@H](CO)C(=O)N[C@@H](C)C(=O)N[C@@H](CCC(=O)O)C(=O)N[C@@H](C)C(=O)N[C@@H](CC1=CC=CC=C1)C(=O)N2CCC[C@H]2C(=O)N[C@@H](CC(C)C)C(=O)N[C@@H](CCC(=O)O)C(=O)N[C@@H](CC3=CC=CC=C3)C(=O)O)NC(=O)CNC(=O)[C@H](CC(=O)N)NC(=O)[C@@H]4CCCN4C(=O)[C@H](CC5=CC=C(C=C5)O)NC(=O)[C@H](C(C)C)NC(=O)[C@H](CCCCN)NC(=O)[C@H](C(C)C)NC(=O)[C@@H]6CCCN6C(=O)[C@H](CCCNC(=N)N)NC(=O)[C@H](CCCNC(=N)N)NC(=O)[C@H](CCCCN)NC(=O)[C@H](CCCCN)NC(=O)CNC(=O)[C@H](C(C)C)NC(=O)[C@@H]7CCCN7C(=O)[C@H](CCCCN)NC(=O)CNC(=O)[C@H](CC8=CNC9=CC=CC=C98)NC(=O)[C@H](CCCNC(=N)N)NC(=O)[C@H](CC1=CC=CC=C1)NC(=O)[C@H](CC1=CN=CN1)NC(=O)[C@H](CCC(=O)O)NC(=O)[C@H](CCSC)NC(=O)[C@H](CO)NC(=O)[C@H](CC1=CC=C(C=C1)O)NC(=O)[C@H](CO)N,CSCCC(NC(=O)C(CO)NC(=O)C(Cc1ccc(O)cc1)NC(=O)C(N)CO)C(=O)NC(CCC(=O)O)C(=O)NC(Cc1cnc[nH]1)C(=O)NC(Cc1ccccc1)C(=O)NC(CCCNC(=N)N)C(=O)NC(Cc1c[nH]c2ccccc12)C(=O)NCC(=O)NC(CCCCN)C(=O)N1CCCC1C(=O)NC(C(=O)NCC(=O)NC(CCCCN)C(=O)NC(CCCCN)C(=O)NC(CCCNC(=N)N)C(=O)NC(CCCNC(=N)N)C(=O)N1CCCC1C(=O)NC(C(=O)NC(CCCCN)C(=O)NC(C(=O)NC(Cc1ccc(O)cc1)C(=O)N1CCCC1C(=O)NC(CC(N)=O)C(=O)NCC(=O)NC(C)C(=O)NC(CCC(=O)O)C(=O)NC(CC(=O)O)C(=O)NC(CCC(=O)O)C(=O)NC(CO)C(=O)NC(C)C(=O)NC(CCC(=O)O)C(=O)NC(C)C(=O)NC(Cc1ccccc1)C(=O)N1CCCC1C(=O)NC(CC(C)C)C(=O)NC(CCC(=O)O)C(=O)NC(Cc1ccccc1)C(=O)O)C(C)C)C(C)C)C(C)C,<rdkit.Chem.rdchem.Mol object at 0x123974660>,4541.14199999999,-15.1620900000003,63,61,1836.2499999999984,145,12,322,0.5652173913043478,0
114,340,C[C@@H](C(=O)N[C@@H](CCC(=O)O)C(=O)N[C@@H](CC(=O)O)C(=O)N[C@@H](CCC(=O)O)C(=O)N[C@@H](CO)C(=O)N[C@@H](C)C(=O)N[C@@H](CCC(=O)O)C(=O)N[C@@H](C)C(=O)N[C@@H](CC1=CC=CC=C1)C(=O)N2CCC[C@H]2C(=O)N[C@@H](CC(C)C)C(=O)N[C@@H](CCC(=O)O)C(=O)N[C@@H](CC3=CC=CC=C3)C(=O)O)NC(=O)CNC(=O)[C@H](CC(=O)N)NC(=O)[C@@H]4CCCN4C(=O)[C@H](CC5=CC=C(C=C5)O)NC(=O)[C@H](C(C)C)NC(=O)[C@H](CCCCN)NC(=O)[C@H](C(C)C)NC(=O)[C@@H]6CCCN6C(=O)[C@H](CCCNC(=N)N)NC(=O)[C@H](CCCNC(=N)N)NC(=O)[C@H](CCCCN)NC(=O)[C@H](CCCCN)NC(=O)CNC(=O)[C@H](C(C)C)NC(=O)[C@@H]7CCCN7C(=O)[C@H](CCCCN)NC(=O)CNC(=O)[C@H](CC8=CNC9=CC=CC=C98)NC(=O)[C@H](CCCNC(=N)N)NC(=O)[C@H](CC1=CC=CC=C1)NC(=O)[C@H](CC1=CN=CN1)NC(=O)[C@H](CCC(=O)O)NC(=O)[C@H](CCSC)NC(=O)[C@H](CO)NC(=O)[C@H](CC1=CC=C(C=C1)O)NC(=O)[C@H](CO)N,CSCCC(NC(=O)C(CO)NC(=O)C(Cc1ccc(O)cc1)NC(=O)C(N)CO)C(=O)NC(CCC(=O)O)C(=O)NC(Cc1cnc[nH]1)C(=O)NC(Cc1ccccc1)C(=O)NC(CCCNC(=N)N)C(=O)NC(Cc1c[nH]c2ccccc12)C(=O)NCC(=O)NC(CCCCN)C(=O)N1CCCC1C(=O)NC(C(=O)NCC(=O)NC(CCCCN)C(=O)NC(CCCCN)C(=O)NC(CCCNC(=N)N)C(=O)NC(CCCNC(=N)N)C(=O)N1CCCC1C(=O)NC(C(=O)NC(CCCCN)C(=O)NC(C(=O)NC(Cc1ccc(O)cc1)C(=O)N1CCCC1C(=O)NC(CC(N)=O)C(=O)NCC(=O)NC(C)C(=O)NC(CCC(=O)O)C(=O)NC(CC(=O)O)C(=O)NC(CCC(=O)O)C(=O)NC(CO)C(=O)NC(C)C(=O)NC(CCC(=O)O)C(=O)NC(C)C(=O)NC(Cc1ccccc1)C(=O)N1CCCC1C(=O)NC(CC(C)C)C(=O)NC(CCC(=O)O)C(=O)NC(Cc1ccccc1)C(=O)O)C(C)C)C(C)C)C(C)C,<rdkit.Chem.rdchem.Mol object at 0x1239746d0>,4541.14199999999,-15.1620900000003,63,61,1836.2499999999984,145,12,322,0.5652173913043478,0
115,342,C[C@@H](C(=O)N[C@@H](CCC(=O)O)C(=O)N[C@@H](CC(=O)O)C(=O)N[C@@H](CCC(=O)O)C(=O)N[C@@H](CO)C(=O)N[C@@H](C)C(=O)N[C@@H](CCC(=O)O)C(=O)N[C@@H](C)C(=O)N[C@@H](CC1=CC=CC=C1)C(=O)N2CCC[C@H]2C(=O)N[C@@H](CC(C)C)C(=O)N[C@@H](CCC(=O)O)C(=O)N[C@@H](CC3=CC=CC=C3)C(=O)O)NC(=O)CNC(=O)[C@H](CC(=O)N)NC(=O)[C@@H]4CCCN4C(=O)[C@H](CC5=CC=C(C=C5)O)NC(=O)[C@H](C(C)C)NC(=O)[C@H](CCCCN)NC(=O)[C@H](C(C)C)NC(=O)[C@@H]6CCCN6C(=O)[C@H](CCCNC(=N)N)NC(=O)[C@H](CCCNC(=N)N)NC(=O)[C@H](CCCCN)NC(=O)[C@H](CCCCN)NC(=O)CNC(=O)[C@H](C(C)C)NC(=O)[C@@H]7CCCN7C(=O)[C@H](CCCCN)NC(=O)CNC(=O)[C@H](CC8=CNC9=CC=CC=C98)NC(=O)[C@H](CCCNC(=N)N)NC(=O)[C@H](CC1=CC=CC=C1)NC(=O)[C@H](CC1=CN=CN1)NC(=O)[C@H](CCC(=O)O)NC(=O)[C@H](CCSC)NC(=O)[C@H](CO)NC(=O)[C@H](CC1=CC=C(C=C1)O)NC(=O)[C@H](CO)N,CSCCC(NC(=O)C(CO)NC(=O)C(Cc1ccc(O)cc1)NC(=O)C(N)CO)C(=O)NC(CCC(=O)O)C(=O)NC(Cc1cnc[nH]1)C(=O)NC(Cc1ccccc1)C(=O)NC(CCCNC(=N)N)C(=O)NC(Cc1c[nH]c2ccccc12)C(=O)NCC(=O)NC(CCCCN)C(=O)N1CCCC1C(=O)NC(C(=O)NCC(=O)NC(CCCCN)C(=O)NC(CCCCN)C(=O)NC(CCCNC(=N)N)C(=O)NC(CCCNC(=N)N)C(=O)N1CCCC1C(=O)NC(C(=O)NC(CCCCN)C(=O)NC(C(=O)NC(Cc1ccc(O)cc1)C(=O)N1CCCC1C(=O)NC(CC(N)=O)C(=O)NCC(=O)NC(C)C(=O)NC(CCC(=O)O)C(=O)NC(CC(=O)O)C(=O)NC(CCC(=O)O)C(=O)NC(CO)C(=O)NC(C)C(=O)NC(CCC(=O)O)C(=O)NC(C)C(=O)NC(Cc1ccccc1)C(=O)N1CCCC1C(=O)NC(CC(C)C)C(=O)NC(CCC(=O)O)C(=O)NC(Cc1ccccc1)C(=O)O)C(C)C)C(C)C)C(C)C,<rdkit.Chem.rdchem.Mol object at 0x123974740>,4541.14199999999,-15.1620900000003,63,61,1836.2499999999984,145,12,322,0.5652173913043478,0
116,344,CC(CN1C2=CC=CC=C2SC3=CC=CC=C31)N(C)C.Cl,CC(CN1c2ccccc2Sc2ccccc21)N(C)C,<rdkit.Chem.rdchem.Mol object at 0x1239747b0>,320.88899999999995,4.6612000000000045,0,3,6.48,3,3,21,0.29411764705882354,0
117,345,CC(CN1C2=CC=CC=C2SC3=CC=CC=C31)N(C)C.Cl,CC(CN1c2ccccc2Sc2ccccc21)N(C)C,<rdkit.Chem.rdchem.Mol object at 0x123974820>,320.88899999999995,4.6612000000000045,0,3,6.48,3,3,21,0.29411764705882354,0
118,356,C[N+](C)(C)CCOC(=O)CCC(=O)OCC[N+](C)(C)C.[Cl-].[Cl-],C[N+](C)(C)CCOC(=O)CCC(=O)OCC[N+](C)(C)C,<rdkit.Chem.rdchem.Mol object at 0x123974890>,361.30999999999995,-5.726600000000004,0,4,52.60000000000001,9,0,22,0.8571428571428571,0
119,367,CCC1=C(C(=NC(=N1)N)N)C2=CC=C(C=C2)Cl,CCc1nc(N)nc(N)c1-c1ccc(Cl)cc1,<rdkit.Chem.rdchem.Mol object at 0x123974900>,248.717,2.5238000000000005,2,4,77.82,2,2,17,0.16666666666666666,0
120,370,CNC[C@@H](C1=CC(=CC=C1)O)O.Cl,CNCC(O)c1cccc(O)c1,<rdkit.Chem.rdchem.Mol object at 0x123974970>,203.669,1.0667999999999997,3,3,52.489999999999995,3,1,13,0.3333333333333333,0
121,370,CC(CN1C2=CC=CC=C2SC3=CC=CC=C31)N(C)C.Cl,CC(CN1c2ccccc2Sc2ccccc21)N(C)C,<rdkit.Chem.rdchem.Mol object at 0x1239749e0>,320.88899999999995,4.6612000000000045,0,3,6.48,3,3,21,0.29411764705882354,0
122,372,C1=CN=CC=C1C(=O)NN,NNC(=O)c1ccncc1,<rdkit.Chem.rdchem.Mol object at 0x123974a50>,137.14199999999997,-0.3149000000000001,2,3,68.01,1,1,10,0.0,0
123,373,C1=CN=CC=C1C(=O)NN,NNC(=O)c1ccncc1,<rdkit.Chem.rdchem.Mol object at 0x123974ac0>,137.14199999999997,-0.3149000000000001,2,3,68.01,1,1,10,0.0,0
124,376,C[C@]12CCC(=O)C=C1CC[C@@H]3[C@@H]2[C@H](C[C@]4([C@H]3CC[C@@]4(C(=O)CO)O)C)O,CC12CCC(=O)C=C1CCC1C2C(O)CC2(C)C1CCC2(O)C(=O)CO,<rdkit.Chem.rdchem.Mol object at 0x123974b30>,362.46600000000007,1.7815999999999996,3,5,94.83000000000001,2,4,26,0.8095238095238095,0
125,377,C[C@]12CCC(=O)C=C1CC[C@@H]3[C@@H]2[C@H](C[C@]4([C@H]3CC[C@@]4(C(=O)CO)O)C)O,CC12CCC(=O)C=C1CCC1C2C(O)CC2(C)C1CCC2(O)C(=O)CO,<rdkit.Chem.rdchem.Mol object at 0x123974ba0>,362.46600000000007,1.7815999999999996,3,5,94.83000000000001,2,4,26,0.8095238095238095,0
126,378,C[C@]12CCC(=O)C=C1CC[C@@H]3[C@@H]2[C@H](C[C@]4([C@H]3CC[C@@]4(C(=O)CO)O)C)O,CC12CCC(=O)C=C1CCC1C2C(O)CC2(C)C1CCC2(O)C(=O)CO,<rdkit.Chem.rdchem.Mol object at 0x123974c10>,362.46600000000007,1.7815999999999996,3,5,94.83000000000001,2,4,26,0.8095238095238095,0
127,379,CC(COC1=CC=CC=C1)N(CCCl)CC2=CC=CC=C2.Cl,CC(COc1ccccc1)N(CCCl)Cc1ccccc1,<rdkit.Chem.rdchem.Mol object at 0x123974c80>,340.2939999999999,4.616700000000005,0,2,12.47,8,2,22,0.3333333333333333,0
128,381,CN1CC[C@]23CCCC[C@H]2[C@H]1CC4=C3C=C(C=C4)O.[C@@H]([C@H](C(=O)O)O)(C(=O)O)O,CN1CCC23CCCCC2C1Cc1ccc(O)cc13,<rdkit.Chem.rdchem.Mol object at 0x123974cf0>,407.46300000000014,0.9577999999999998,5,6,138.53,3,4,29,0.6190476190476191,0
129,382,CC(C)[N+](C)(CCOC(=O)C1C2=CC=CC=C2OC3=CC=CC=C13)C(C)C.[Br-],CC(C)[N+](C)(CCOC(=O)C1c2ccccc2Oc2ccccc21)C(C)C,<rdkit.Chem.rdchem.Mol object at 0x123974d60>,448.4010000000001,1.7348,0,3,35.53,6,3,28,0.43478260869565216,0
130,383,CC(C)[N+](C)(CCOC(=O)C1C2=CC=CC=C2OC3=CC=CC=C13)C(C)C.[Br-],CC(C)[N+](C)(CCOC(=O)C1c2ccccc2Oc2ccccc21)C(C)C,<rdkit.Chem.rdchem.Mol object at 0x123974dd0>,448.4010000000001,1.7348,0,3,35.53,6,3,28,0.43478260869565216,0
131,384,C1=CC=C(C=C1)C2(C(=O)NC(=O)N2)C3=CC=CC=C3,O=C1NC(=O)C(c2ccccc2)(c2ccccc2)N1,<rdkit.Chem.rdchem.Mol object at 0x123974e40>,252.273,1.7696,2,2,58.2,2,3,19,0.06666666666666667,0
132,390,C([C@@H]([C@@H]1C(=C(C(=O)O1)O)O)O)O,O=C1OC(C(O)CO)C(O)=C1O,<rdkit.Chem.rdchem.Mol object at 0x123974eb0>,176.124,-1.4073999999999995,4,6,107.22000000000001,2,1,12,0.5,0
133,390,C1[C@H]2[C@@H]([C@@H](S1)CCCCC(=O)O)NC(=O)N2,O=C(O)CCCCC1SCC2NC(=O)NC21,<rdkit.Chem.rdchem.Mol object at 0x123974f20>,244.316,0.7968,3,3,78.43,5,2,16,0.8,0
134,390,CC1=CC2=C(C=C1C)N(C=N2)[C@@H]3[C@@H]([C@@H]([C@H](O3)CO)OP(=O)([O-])O[C@H](C)CNC(=O)CC[C@@]4([C@H]([C@@H]5[C@]6([C@@]([C@@H](/C(=C(/C7=N/C(=C\C8=N/C(=C(\C4=N5)/C)/[C@H](C8(C)C)CCC(=O)N)/[C@H]([C@]7(C)CC(=O)N)CCC(=O)N)\C)/[N-]6)CCC(=O)N)(C)CC(=O)N)C)CC(=O)N)C)O.[C-]#N.[Co+3],CC1=C2N=C(C=C3N=C(C(C)=C4[N-]C(C)(C5N=C1C(C)(CCC(=O)NCC(C)OP(=O)([O-])OC1C(CO)OC(n6cnc7cc(C)c(C)cc76)C1O)C5CC(N)=O)C(C)(CC(N)=O)C4CCC(N)=O)C(C)(CC(N)=O)C3CCC(N)=O)C(C)(C)C2CCC(N)=O,<rdkit.Chem.rdchem.Mol object at 0x123974f90>,1355.3879999999992,3.409210000000012,9,20,488.71000000000004,26,8,93,0.6190476190476191,0
135,390,CC(C)(CO)[C@H](C(=O)NCCCO)O,CC(C)(CO)C(O)C(=O)NCCCO,<rdkit.Chem.rdchem.Mol object at 0x123975000>,205.25399999999996,-1.1355999999999997,4,4,89.79,6,0,14,0.8888888888888888,0
136,390,C[C@H](/C=C/[C@H](C)C(C)C)[C@H]1CC[C@@H]\2[C@@]1(CCC/C2=C\C=C/3\C[C@H](CCC3=C)O)C,C=C1CCC(O)CC1=CC=C1CCCC2(C)C1CCC2C(C)C=CC(C)C(C)C,<rdkit.Chem.rdchem.Mol object at 0x123975070>,396.65900000000016,7.641000000000009,1,1,20.23,5,3,29,0.7142857142857143,0
137,390,C1=CC(=CC=C1C(=O)N[C@@H](CCC(=O)O)C(=O)O)NCC2=CN=C3C(=N2)C(=O)NC(=N3)N,Nc1nc2ncc(CNc3ccc(C(=O)NC(CCC(=O)O)C(=O)O)cc3)nc2c(=O)[nH]1,<rdkit.Chem.rdchem.Mol object at 0x1239750e0>,441.40400000000017,-0.044799999999998674,6,9,213.28,9,3,32,0.21052631578947367,0
138,390,C1=CC(=CN=C1)C(=O)N,NC(=O)c1cccnc1,<rdkit.Chem.rdchem.Mol object at 0x123975150>,122.12699999999998,0.1805,1,2,55.980000000000004,1,1,9,0.0,0
139,390,CC1=NC=C(C(=C1O)CO)CO.Cl,Cc1ncc(CO)c(CO)c1O,<rdkit.Chem.rdchem.Mol object at 0x1239751c0>,205.641,0.5020199999999999,3,4,73.58000000000001,2,1,13,0.375,0
140,390,CC1=CC2=C(C=C1C)N(C3=NC(=O)NC(=O)C3=N2)C[C@@H]([C@@H]([C@@H](COP(=O)(O)[O-])O)O)O.O.O.[Na+],Cc1cc2nc3c(=O)[nH]c(=O)nc-3n(CC(O)C(O)C(O)COP(=O)([O-])O)c2cc1C,<rdkit.Chem.rdchem.Mol object at 0x123975230>,514.3600000000001,-6.883959999999994,5,11,273.91999999999996,7,3,34,0.4117647058823529,0
141,390,CC1=C(SC=[N+]1CC2=CN=C(N=C2N)C)CCO.Cl.[Cl-],Cc1ncc(C[n+]2csc(CCO)c2C)c(N)n1,<rdkit.Chem.rdchem.Mol object at 0x1239752a0>,337.27599999999995,-1.966459999999998,2,5,75.91,4,2,20,0.4166666666666667,0
142,390,CC1=C(C(CCC1)(C)C)/C=C/C(=C/C=C/C(=C/CO)/C)/C,CC(C=CC1=C(C)CCCC1(C)C)=CC=CC(C)=CCO,<rdkit.Chem.rdchem.Mol object at 0x123975310>,286.45900000000006,5.510300000000006,1,1,20.23,5,1,21,0.5,0
143,390,CC1=C(C2=C(CC[C@@](O2)(C)CCC[C@H](C)CCC[C@H](C)CCCC(C)C)C(=C1O)C)C,Cc1c(C)c2c(c(C)c1O)CCC(C)(CCCC(C)CCCC(C)CCCC(C)C)O2,<rdkit.Chem.rdchem.Mol object at 0x123975380>,430.7170000000002,8.840260000000002,1,2,29.46,12,2,31,0.7931034482758621,0
144,392,CCN(CC)CC(=O)NC1=C(C=CC=C1C)C.Cl,CCN(CC)CC(=O)Nc1c(C)cccc1C,<rdkit.Chem.rdchem.Mol object at 0x1239753f0>,270.804,3.005540000000002,1,2,32.34,5,1,18,0.5,0
145,398,C[N+](C)(C)CCOC(=O)CCC(=O)OCC[N+](C)(C)C.[Cl-].[Cl-],C[N+](C)(C)CCOC(=O)CCC(=O)OCC[N+](C)(C)C,<rdkit.Chem.rdchem.Mol object at 0x123975460>,361.30999999999995,-5.726600000000004,0,4,52.60000000000001,9,0,22,0.8571428571428571,0
146,399,C[N+](C)(C)CCOC(=O)CCC(=O)OCC[N+](C)(C)C.[Cl-].[Cl-],C[N+](C)(C)CCOC(=O)CCC(=O)OCC[N+](C)(C)C,<rdkit.Chem.rdchem.Mol object at 0x1239754d0>,361.30999999999995,-5.726600000000004,0,4,52.60000000000001,9,0,22,0.8571428571428571,0
147,400,C[N+](C)(C)CCOC(=O)CCC(=O)OCC[N+](C)(C)C.[Cl-].[Cl-],C[N+](C)(C)CCOC(=O)CCC(=O)OCC[N+](C)(C)C,<rdkit.Chem.rdchem.Mol object at 0x123975540>,361.30999999999995,-5.726600000000004,0,4,52.60000000000001,9,0,22,0.8571428571428571,0
148,401,C[N+](C)(C)CCOC(=O)CCC(=O)OCC[N+](C)(C)C.[Cl-].[Cl-],C[N+](C)(C)CCOC(=O)CCC(=O)OCC[N+](C)(C)C,<rdkit.Chem.rdchem.Mol object at 0x1239755b0>,361.30999999999995,-5.726600000000004,0,4,52.60000000000001,9,0,22,0.8571428571428571,0
149,402,C[N+](C)(C)CCOC(=O)CCC(=O)OCC[N+](C)(C)C.[Cl-].[Cl-],C[N+](C)(C)CCOC(=O)CCC(=O)OCC[N+](C)(C)C,<rdkit.Chem.rdchem.Mol object at 0x123975620>,361.30999999999995,-5.726600000000004,0,4,52.60000000000001,9,0,22,0.8571428571428571,0
150,403,C[N+](C)(C)CCOC(=O)CCC(=O)OCC[N+](C)(C)C.[Cl-].[Cl-],C[N+](C)(C)CCOC(=O)CCC(=O)OCC[N+](C)(C)C,<rdkit.Chem.rdchem.Mol object at 0x123975690>,361.30999999999995,-5.726600000000004,0,4,52.60000000000001,9,0,22,0.8571428571428571,0
151,411,CCCOC1=C(C=C(C=C1)C(=O)OCCN(CC)CC)N.Cl,CCCOc1ccc(C(=O)OCCN(CC)CC)cc1N,<rdkit.Chem.rdchem.Mol object at 0x123975700>,330.85599999999994,2.978000000000001,1,5,64.79,9,1,22,0.5625,0
152,412,CN(C)CCOC(C1=CC=C(C=C1)Cl)C2=CC=CC=N2.C(=C\C(=O)O)\C(=O)O,CN(C)CCOC(c1ccc(Cl)cc1)c1ccccn1,<rdkit.Chem.rdchem.Mol object at 0x123975770>,406.8660000000001,3.1144000000000007,2,5,99.96,8,2,28,0.25,0
153,413,CC(=O)OCC(=O)[C@]1(CC[C@@H]2[C@@]1(C[C@@H]([C@H]3[C@H]2CCC4=CC(=O)CC[C@]34C)O)C)O,CC(=O)OCC(=O)C1(O)CCC2C3CCC4=CC(=O)CCC4(C)C3C(O)CC21C,<rdkit.Chem.rdchem.Mol object at 0x1239757e0>,404.5030000000002,2.3524000000000007,2,6,100.9,3,4,29,0.782608695652174,0
154,415,C(CN(CC(=O)[O-])CC(=O)[O-])N(CC(=O)[O-])CC(=O)[O-].[Na+].[Na+].[Ca+2],O=C([O-])CN(CCN(CC(=O)[O-])CC(=O)[O-])CC(=O)[O-],<rdkit.Chem.rdchem.Mol object at 0x123975850>,374.27,-13.782800000000009,0,10,167.0,11,0,23,0.6,0
155,417,CC(=O)NC1=NN=C(S1)S(=O)(=O)N,CC(=O)Nc1nnc(S(N)(=O)=O)s1,<rdkit.Chem.rdchem.Mol object at 0x1239758c0>,222.251,-0.8561000000000003,2,6,115.04,2,1,13,0.25,0
156,418,CC(=O)NC1=NN=C(S1)S(=O)(=O)N,CC(=O)Nc1nnc(S(N)(=O)=O)s1,<rdkit.Chem.rdchem.Mol object at 0x123975930>,222.251,-0.8561000000000003,2,6,115.04,2,1,13,0.25,0
157,421,CN(C)CCOC(C1=CC=C(C=C1)Cl)C2=CC=CC=N2.C(=C\C(=O)O)\C(=O)O,CN(C)CCOC(c1ccc(Cl)cc1)c1ccccn1,<rdkit.Chem.rdchem.Mol object at 0x1239759a0>,406.8660000000001,3.1144000000000007,2,5,99.96,8,2,28,0.25,0
158,423,C[C@@H](C(=O)N[C@@H](CCC(=O)O)C(=O)N[C@@H](CC(=O)O)C(=O)N[C@@H](CCC(=O)O)C(=O)N[C@@H](CO)C(=O)N[C@@H](C)C(=O)N[C@@H](CCC(=O)O)C(=O)N[C@@H](C)C(=O)N[C@@H](CC1=CC=CC=C1)C(=O)N2CCC[C@H]2C(=O)N[C@@H](CC(C)C)C(=O)N[C@@H](CCC(=O)O)C(=O)N[C@@H](CC3=CC=CC=C3)C(=O)O)NC(=O)CNC(=O)[C@H](CC(=O)N)NC(=O)[C@@H]4CCCN4C(=O)[C@H](CC5=CC=C(C=C5)O)NC(=O)[C@H](C(C)C)NC(=O)[C@H](CCCCN)NC(=O)[C@H](C(C)C)NC(=O)[C@@H]6CCCN6C(=O)[C@H](CCCNC(=N)N)NC(=O)[C@H](CCCNC(=N)N)NC(=O)[C@H](CCCCN)NC(=O)[C@H](CCCCN)NC(=O)CNC(=O)[C@H](C(C)C)NC(=O)[C@@H]7CCCN7C(=O)[C@H](CCCCN)NC(=O)CNC(=O)[C@H](CC8=CNC9=CC=CC=C98)NC(=O)[C@H](CCCNC(=N)N)NC(=O)[C@H](CC1=CC=CC=C1)NC(=O)[C@H](CC1=CN=CN1)NC(=O)[C@H](CCC(=O)O)NC(=O)[C@H](CCSC)NC(=O)[C@H](CO)NC(=O)[C@H](CC1=CC=C(C=C1)O)NC(=O)[C@H](CO)N,CSCCC(NC(=O)C(CO)NC(=O)C(Cc1ccc(O)cc1)NC(=O)C(N)CO)C(=O)NC(CCC(=O)O)C(=O)NC(Cc1cnc[nH]1)C(=O)NC(Cc1ccccc1)C(=O)NC(CCCNC(=N)N)C(=O)NC(Cc1c[nH]c2ccccc12)C(=O)NCC(=O)NC(CCCCN)C(=O)N1CCCC1C(=O)NC(C(=O)NCC(=O)NC(CCCCN)C(=O)NC(CCCCN)C(=O)NC(CCCNC(=N)N)C(=O)NC(CCCNC(=N)N)C(=O)N1CCCC1C(=O)NC(C(=O)NC(CCCCN)C(=O)NC(C(=O)NC(Cc1ccc(O)cc1)C(=O)N1CCCC1C(=O)NC(CC(N)=O)C(=O)NCC(=O)NC(C)C(=O)NC(CCC(=O)O)C(=O)NC(CC(=O)O)C(=O)NC(CCC(=O)O)C(=O)NC(CO)C(=O)NC(C)C(=O)NC(CCC(=O)O)C(=O)NC(C)C(=O)NC(Cc1ccccc1)C(=O)N1CCCC1C(=O)NC(CC(C)C)C(=O)NC(CCC(=O)O)C(=O)NC(Cc1ccccc1)C(=O)O)C(C)C)C(C)C)C(C)C,<rdkit.Chem.rdchem.Mol object at 0x123975a10>,4541.14199999999,-15.1620900000003,63,61,1836.2499999999984,145,12,322,0.5652173913043478,0
159,425,CN1C=NC2=C1C(=O)N(C(=O)N2C)C,Cn1c(=O)c2c(ncn2C)n(C)c1=O,<rdkit.Chem.rdchem.Mol object at 0x123975a80>,194.194,-1.0293,0,6,61.82,0,2,14,0.375,0
160,425,C[C@@]1(C(=O)N2[C@H](C(=O)N3CCC[C@H]3[C@@]2(O1)O)CC4=CC=CC=C4)NC(=O)[C@H]5CN([C@@H]6CC7=CNC8=CC=CC(=C78)C6=C5)C.C[C@@]1(C(=O)N2[C@H](C(=O)N3CCC[C@H]3[C@@]2(O1)O)CC4=CC=CC=C4)NC(=O)[C@H]5CN([C@@H]6CC7=CNC8=CC=CC(=C78)C6=C5)C.[C@@H]([C@H](C(=O)O)O)(C(=O)O)O,CN1CC(C(=O)NC2(C)OC3(O)C4CCCN4C(=O)C(Cc4ccccc4)N3C2=O)C=C2c3cccc4[nH]cc(c34)CC21,<rdkit.Chem.rdchem.Mol object at 0x123975af0>,1313.4319999999996,1.8590000000000142,10,16,351.48,11,16,96,0.42857142857142855,0
161,428,COC1=C2C(=CC3=C1OC=C3)C=CC(=O)O2,COc1c2occc2cc2ccc(=O)oc12,<rdkit.Chem.rdchem.Mol object at 0x123975b60>,216.19199999999998,2.5478000000000005,0,4,52.58,1,3,16,0.08333333333333333,0
162,429,COC1=C2C(=CC3=C1OC=C3)C=CC(=O)O2,COc1c2occc2cc2ccc(=O)oc12,<rdkit.Chem.rdchem.Mol object at 0x123975bd0>,216.19199999999998,2.5478000000000005,0,4,52.58,1,3,16,0.08333333333333333,0
163,431,C1=NC2=C(N1)C(=S)N=CN2,S=c1nc[nH]c2nc[nH]c12,<rdkit.Chem.rdchem.Mol object at 0x123975c40>,152.18200000000002,1.0154899999999998,2,3,57.36,0,2,10,0.0,0
164,442,CCN(C1=CC=CC=C1C)C(=O)/C=C/C,CC=CC(=O)N(CC)c1ccccc1C,<rdkit.Chem.rdchem.Mol object at 0x123975cb0>,203.28499999999997,2.9240200000000014,0,1,20.310000000000002,3,1,15,0.3076923076923077,0
165,451,CN(C)CCCN1C2=CC=CC=C2SC3=C1C=C(C=C3)Cl.Cl,CN(C)CCCN1c2ccccc2Sc2ccc(Cl)cc21,<rdkit.Chem.rdchem.Mol object at 0x123975d20>,355.334,5.316200000000004,0,3,6.48,4,3,22,0.29411764705882354,0
166,455,CN(C)CCCN1C2=CC=CC=C2SC3=C1C=C(C=C3)Cl.Cl,CN(C)CCCN1c2ccccc2Sc2ccc(Cl)cc21,<rdkit.Chem.rdchem.Mol object at 0x123975d90>,355.334,5.316200000000004,0,3,6.48,4,3,22,0.29411764705882354,0
167,456,CN(C)CCCN1C2=CC=CC=C2SC3=C1C=C(C=C3)Cl,CN(C)CCCN1c2ccccc2Sc2ccc(Cl)cc21,<rdkit.Chem.rdchem.Mol object at 0x123975e00>,318.87300000000005,4.894400000000004,0,3,6.48,4,3,21,0.29411764705882354,0
168,457,CN(C)CCCN1C2=CC=CC=C2SC3=C1C=C(C=C3)Cl.Cl,CN(C)CCCN1c2ccccc2Sc2ccc(Cl)cc21,<rdkit.Chem.rdchem.Mol object at 0x123975e70>,355.334,5.316200000000004,0,3,6.48,4,3,22,0.29411764705882354,0
169,458,CN(C)CCCN1C2=CC=CC=C2SC3=C1C=C(C=C3)Cl,CN(C)CCCN1c2ccccc2Sc2ccc(Cl)cc21,<rdkit.Chem.rdchem.Mol object at 0x123975ee0>,318.87300000000005,4.894400000000004,0,3,6.48,4,3,21,0.29411764705882354,0
170,459,CN(C)CCCN1C2=CC=CC=C2SC3=C1C=C(C=C3)Cl.Cl,CN(C)CCCN1c2ccccc2Sc2ccc(Cl)cc21,<rdkit.Chem.rdchem.Mol object at 0x123975f50>,355.334,5.316200000000004,0,3,6.48,4,3,22,0.29411764705882354,0
171,462,CCCCCCC(=O)O[C@H]1CC[C@@H]2[C@@]1(CC[C@H]3[C@H]2CCC4=CC(=O)CC[C@]34C)C,CCCCCCC(=O)OC1CCC2C3CCC4=CC(=O)CCC4(C)C3CCC12C,<rdkit.Chem.rdchem.Mol object at 0x123975fc0>,400.6030000000003,6.400500000000007,0,3,43.370000000000005,6,4,29,0.8461538461538461,0
172,464,CCC1(C(=O)NCNC1=O)C2=CC=CC=C2,CCC1(c2ccccc2)C(=O)NCNC1=O,<rdkit.Chem.rdchem.Mol object at 0x123976030>,218.256,0.5378999999999994,2,2,58.2,2,2,16,0.3333333333333333,0
173,465,CCC1(C(=O)NCNC1=O)C2=CC=CC=C2,CCC1(c2ccccc2)C(=O)NCNC1=O,<rdkit.Chem.rdchem.Mol object at 0x1239760a0>,218.256,0.5378999999999994,2,2,58.2,2,2,16,0.3333333333333333,0
174,466,C1C(=O)NC(=O)N1/N=C/C2=CC=C(O2)[N+](=O)[O-],O=C1CN(N=Cc2ccc([N+](=O)[O-])o2)C(=O)N1,<rdkit.Chem.rdchem.Mol object at 0x123976110>,238.159,0.07349999999999984,1,6,118.05000000000001,3,2,17,0.125,0
175,467,C1C(=O)NC(=O)N1/N=C/C2=CC=C(O2)[N+](=O)[O-],O=C1CN(N=Cc2ccc([N+](=O)[O-])o2)C(=O)N1,<rdkit.Chem.rdchem.Mol object at 0x123976180>,238.159,0.07349999999999984,1,6,118.05000000000001,3,2,17,0.125,0
176,474,CN1C2CCC1CC(C2)OC(C3=CC=CC=C3)C4=CC=CC=C4.CS(=O)(=O)O,CN1C2CCC1CC(OC(c1ccccc1)c1ccccc1)C2,<rdkit.Chem.rdchem.Mol object at 0x1239761f0>,403.5440000000001,3.921800000000003,1,4,66.84,4,4,28,0.45454545454545453,0
177,475,CN1C2CCC1CC(C2)OC(C3=CC=CC=C3)C4=CC=CC=C4.CS(=O)(=O)O,CN1C2CCC1CC(OC(c1ccccc1)c1ccccc1)C2,<rdkit.Chem.rdchem.Mol object at 0x123976260>,403.5440000000001,3.921800000000003,1,4,66.84,4,4,28,0.45454545454545453,0
178,476,CN1C2CCC1CC(C2)OC(C3=CC=CC=C3)C4=CC=CC=C4.CS(=O)(=O)O,CN1C2CCC1CC(OC(c1ccccc1)c1ccccc1)C2,<rdkit.Chem.rdchem.Mol object at 0x1239762d0>,403.5440000000001,3.921800000000003,1,4,66.84,4,4,28,0.45454545454545453,0
179,479,CC(=O)CC(C1=CC=CC=C1)C2=C(C3=CC=CC=C3OC2=O)[O-].[Na+],CC(=O)CC(c1ccccc1)c1c([O-])c2ccccc2oc1=O,<rdkit.Chem.rdchem.Mol object at 0x123976340>,330.31500000000005,-0.018399999999999972,0,4,70.34,4,3,24,0.15789473684210525,0
180,480,CC(=O)CC(C1=CC=CC=C1)C2=C(C3=CC=CC=C3OC2=O)[O-].[Na+],CC(=O)CC(c1ccccc1)c1c([O-])c2ccccc2oc1=O,<rdkit.Chem.rdchem.Mol object at 0x1239763b0>,330.31500000000005,-0.018399999999999972,0,4,70.34,4,3,24,0.15789473684210525,0
181,482,CC(=O)CC(C1=CC=CC=C1)C2=C(C3=CC=CC=C3OC2=O)[O-].[Na+],CC(=O)CC(c1ccccc1)c1c([O-])c2ccccc2oc1=O,<rdkit.Chem.rdchem.Mol object at 0x123976420>,330.31500000000005,-0.018399999999999972,0,4,70.34,4,3,24,0.15789473684210525,0
182,483,CC(=O)CC(C1=CC=CC=C1)C2=C(C3=CC=CC=C3OC2=O)[O-].[Na+],CC(=O)CC(c1ccccc1)c1c([O-])c2ccccc2oc1=O,<rdkit.Chem.rdchem.Mol object at 0x123976490>,330.31500000000005,-0.018399999999999972,0,4,70.34,4,3,24,0.15789473684210525,0
183,484,CC(=O)CC(C1=CC=CC=C1)C2=C(C3=CC=CC=C3OC2=O)[O-].[Na+],CC(=O)CC(c1ccccc1)c1c([O-])c2ccccc2oc1=O,<rdkit.Chem.rdchem.Mol object at 0x123976500>,330.31500000000005,-0.018399999999999972,0,4,70.34,4,3,24,0.15789473684210525,0
184,486,CC(=O)CC(C1=CC=CC=C1)C2=C(C3=CC=CC=C3OC2=O)[O-].[Na+],CC(=O)CC(c1ccccc1)c1c([O-])c2ccccc2oc1=O,<rdkit.Chem.rdchem.Mol object at 0x123976570>,330.31500000000005,-0.018399999999999972,0,4,70.34,4,3,24,0.15789473684210525,0
185,487,CC(=O)CC(C1=CC=CC=C1)C2=C(C3=CC=CC=C3OC2=O)[O-].[Na+],CC(=O)CC(c1ccccc1)c1c([O-])c2ccccc2oc1=O,<rdkit.Chem.rdchem.Mol object at 0x1239765e0>,330.31500000000005,-0.018399999999999972,0,4,70.34,4,3,24,0.15789473684210525,0
186,489,CC(=O)CC(C1=CC=CC=C1)C2=C(C3=CC=CC=C3OC2=O)[O-].[Na+],CC(=O)CC(c1ccccc1)c1c([O-])c2ccccc2oc1=O,<rdkit.Chem.rdchem.Mol object at 0x123976650>,330.31500000000005,-0.018399999999999972,0,4,70.34,4,3,24,0.15789473684210525,0
187,490,CC(=O)CC(C1=CC=CC=C1)C2=C(C3=CC=CC=C3OC2=O)[O-].[Na+],CC(=O)CC(c1ccccc1)c1c([O-])c2ccccc2oc1=O,<rdkit.Chem.rdchem.Mol object at 0x1239766c0>,330.31500000000005,-0.018399999999999972,0,4,70.34,4,3,24,0.15789473684210525,0
188,513,CNC[C@@H]([C@H]([C@@H]([C@@H](CO)O)O)O)O.CNC[C@@H]([C@H]([C@@H]([C@@H](CO)O)O)O)O.C1=C(C(=C(C(=C1I)NC(=O)CCCCC(=O)NC2=C(C=C(C(=C2I)C(=O)O)I)I)I)C(=O)O)I,O=C(CCCCC(=O)Nc1c(I)cc(I)c(C(=O)O)c1I)Nc1c(I)cc(I)c(C(=O)O)c1I,<rdkit.Chem.rdchem.Mol object at 0x123976730>,1530.1939999999997,0.13160000000000316,16,16,359.15999999999997,21,2,60,0.5294117647058824,0
189,515,C[C@@H]1[C@H]([C@H](C[C@@H](O1)O[C@@H]2[C@H](O[C@H](C[C@@H]2O)O[C@@H]3[C@H](O[C@H](C[C@@H]3O)O[C@H]4CC[C@]5([C@@H](C4)CC[C@@H]6[C@@H]5C[C@H]([C@]7([C@@]6(CC[C@@H]7C8=CC(=O)OC8)O)C)O)C)C)C)O)O,CC1OC(OC2C(O)CC(OC3C(O)CC(OC4CCC5(C)C(CCC6C5CC(O)C5(C)C(C7=CC(=O)OC7)CCC65O)C4)OC3C)OC2C)CC(O)C1O,<rdkit.Chem.rdchem.Mol object at 0x1239767a0>,780.9490000000003,2.2181000000000024,6,14,203.06,7,8,55,0.926829268292683,0
190,516,C[C@@H]1[C@H]([C@H](C[C@@H](O1)O[C@@H]2[C@H](O[C@H](C[C@@H]2O)O[C@@H]3[C@H](O[C@H](C[C@@H]3O)O[C@H]4CC[C@]5([C@@H](C4)CC[C@@H]6[C@@H]5C[C@H]([C@]7([C@@]6(CC[C@@H]7C8=CC(=O)OC8)O)C)O)C)C)C)O)O,CC1OC(OC2C(O)CC(OC3C(O)CC(OC4CCC5(C)C(CCC6C5CC(O)C5(C)C(C7=CC(=O)OC7)CCC65O)C4)OC3C)OC2C)CC(O)C1O,<rdkit.Chem.rdchem.Mol object at 0x123976810>,780.9490000000003,2.2181000000000024,6,14,203.06,7,8,55,0.926829268292683,0
191,526,CS(=O)(=O)OCCCCOS(=O)(=O)C,CS(=O)(=O)OCCCCOS(C)(=O)=O,<rdkit.Chem.rdchem.Mol object at 0x123976880>,246.30599999999998,-0.2809999999999997,0,6,86.74000000000001,7,0,14,1.0,0
192,527,CC(=O)NC1=NN=C(S1)S(=O)(=O)[NH-].[Na+],CC(=O)Nc1nnc(S([NH-])(=O)=O)s1,<rdkit.Chem.rdchem.Mol object at 0x1239768f0>,244.23300000000003,-2.7585999999999995,1,6,112.82000000000001,2,1,14,0.25,0
193,533,CCCCC(=O)O[C@H]1CC[C@@H]2[C@@]1(CC[C@H]3[C@H]2CCC4=C3C=CC(=C4)O)C,CCCCC(=O)OC1CCC2C3CCc4cc(O)ccc4C3CCC12C,<rdkit.Chem.rdchem.Mol object at 0x123976960>,356.50600000000003,5.350300000000006,1,3,46.53,4,4,26,0.6956521739130435,0
194,534,CCCCC(=O)O[C@H]1CC[C@@H]2[C@@]1(CC[C@H]3[C@H]2CCC4=C3C=CC(=C4)O)C,CCCCC(=O)OC1CCC2C3CCc4cc(O)ccc4C3CCC12C,<rdkit.Chem.rdchem.Mol object at 0x1239769d0>,356.50600000000003,5.350300000000006,1,3,46.53,4,4,26,0.6956521739130435,0
195,535,CCCCC(=O)O[C@H]1CC[C@@H]2[C@@]1(CC[C@H]3[C@H]2CCC4=C3C=CC(=C4)O)C,CCCCC(=O)OC1CCC2C3CCc4cc(O)ccc4C3CCC12C,<rdkit.Chem.rdchem.Mol object at 0x123976a40>,356.50600000000003,5.350300000000006,1,3,46.53,4,4,26,0.6956521739130435,0
196,538,CCN(CC)CCOC(=O)C1=C(C=C(C=C1)N)Cl.Cl,CCN(CC)CCOC(=O)c1ccc(N)cc1Cl,<rdkit.Chem.rdchem.Mol object at 0x123976ab0>,307.22099999999995,2.8426000000000005,1,4,55.56,6,1,19,0.46153846153846156,0
197,539,CCN(CC)CCOC(=O)C1=C(C=C(C=C1)N)Cl.Cl,CCN(CC)CCOC(=O)c1ccc(N)cc1Cl,<rdkit.Chem.rdchem.Mol object at 0x123976b20>,307.22099999999995,2.8426000000000005,1,4,55.56,6,1,19,0.46153846153846156,0
198,542,CCN(CC)CCOC(=O)C1=C(C=C(C=C1)N)Cl.Cl,CCN(CC)CCOC(=O)c1ccc(N)cc1Cl,<rdkit.Chem.rdchem.Mol object at 0x123976b90>,307.22099999999995,2.8426000000000005,1,4,55.56,6,1,19,0.46153846153846156,0
199,543,CCN(CC)CCOC(=O)C1=C(C=C(C=C1)N)Cl.Cl,CCN(CC)CCOC(=O)c1ccc(N)cc1Cl,<rdkit.Chem.rdchem.Mol object at 0x123976c00>,307.22099999999995,2.8426000000000005,1,4,55.56,6,1,19,0.46153846153846156,0
200,549,CCN(CC)CC(=O)NC1=C(C=CC=C1C)C.Cl,CCN(CC)CC(=O)Nc1c(C)cccc1C,<rdkit.Chem.rdchem.Mol object at 0x123976c70>,270.804,3.005540000000002,1,2,32.34,5,1,18,0.5,0
201,552,CN(C)CCOC(C1=CC=CC=C1)C2=CC=CC=C2.Cl,CN(C)CCOC(c1ccccc1)c1ccccc1,<rdkit.Chem.rdchem.Mol object at 0x123976ce0>,291.822,3.776000000000004,0,2,12.47,6,2,20,0.29411764705882354,0
202,555,C[C@@H]([C@@H](C1=CC(=CC=C1)O)O)N.[C@@H]([C@H](C(=O)O)O)(C(=O)O)O,CC(N)C(O)c1cccc(O)c1,<rdkit.Chem.rdchem.Mol object at 0x123976d50>,317.29400000000004,-1.3497999999999988,7,7,181.54,5,1,22,0.38461538461538464,0
203,583,CCCC(C)(COC(=O)N)COC(=O)N,CCCC(C)(COC(N)=O)COC(N)=O,<rdkit.Chem.rdchem.Mol object at 0x123976dc0>,218.25299999999996,0.9834000000000003,2,4,104.64,6,0,15,0.7777777777777778,0
204,584,CCCC(C)(COC(=O)N)COC(=O)N,CCCC(C)(COC(N)=O)COC(N)=O,<rdkit.Chem.rdchem.Mol object at 0x123976e30>,218.25299999999996,0.9834000000000003,2,4,104.64,6,0,15,0.7777777777777778,0
205,587,C[C@]12CC(=O)[C@H]3[C@H]([C@@H]1CC[C@@]2(C(=O)CO)O)CCC4=CC(=O)C=C[C@]34C,CC12C=CC(=O)C=C1CCC1C2C(=O)CC2(C)C1CCC2(O)C(=O)CO,<rdkit.Chem.rdchem.Mol object at 0x123976ea0>,358.434,1.7658,2,5,91.67000000000002,2,4,26,0.6666666666666666,0
206,588,C[C@]12CC(=O)[C@H]3[C@H]([C@@H]1CC[C@@]2(C(=O)CO)O)CCC4=CC(=O)C=C[C@]34C,CC12C=CC(=O)C=C1CCC1C2C(=O)CC2(C)C1CCC2(O)C(=O)CO,<rdkit.Chem.rdchem.Mol object at 0x123976f10>,358.434,1.7658,2,5,91.67000000000002,2,4,26,0.6666666666666666,0
207,589,CCN(CCCC(C)NC1=C2C=CC(=CC2=NC=C1)Cl)CCO.OS(=O)(=O)O,CCN(CCO)CCCC(C)Nc1ccnc2cc(Cl)ccc12,<rdkit.Chem.rdchem.Mol object at 0x123976f80>,433.95800000000014,3.1302000000000008,4,6,122.99,9,2,28,0.5,0
208,594,C[N+]1=CC=CC(=C1)OC(=O)N(C)C.[Br-],CN(C)C(=O)Oc1ccc[n+](C)c1,<rdkit.Chem.rdchem.Mol object at 0x123976ff0>,261.11899999999997,-2.4244999999999974,0,2,33.42,1,1,14,0.3333333333333333,0
209,595,C[N+]1=CC=CC(=C1)OC(=O)N(C)C.[Br-],CN(C)C(=O)Oc1ccc[n+](C)c1,<rdkit.Chem.rdchem.Mol object at 0x123977060>,261.11899999999997,-2.4244999999999974,0,2,33.42,1,1,14,0.3333333333333333,0
210,596,CO[C@H]1[C@@H](C[C@@H]2CN3CCC4=C([C@H]3C[C@@H]2[C@@H]1C(=O)OC)NC5=C4C=CC(=C5)OC)OC(=O)C6=CC(=C(C(=C6)OC)OC)OC,COC(=O)C1C2CC3c4[nH]c5cc(OC)ccc5c4CCN3CC2CC(OC(=O)c2cc(OC)c(OC)c(OC)c2)C1OC,<rdkit.Chem.rdchem.Mol object at 0x1239770d0>,608.6880000000003,4.171100000000004,1,10,117.78000000000002,8,6,44,0.5151515151515151,0
211,597,CO[C@H]1[C@@H](C[C@@H]2CN3CCC4=C([C@H]3C[C@@H]2[C@@H]1C(=O)OC)NC5=C4C=CC(=C5)OC)OC(=O)C6=CC(=C(C(=C6)OC)OC)OC,COC(=O)C1C2CC3c4[nH]c5cc(OC)ccc5c4CCN3CC2CC(OC(=O)c2cc(OC)c(OC)c(OC)c2)C1OC,<rdkit.Chem.rdchem.Mol object at 0x123977140>,608.6880000000003,4.171100000000004,1,10,117.78000000000002,8,6,44,0.5151515151515151,0
212,602,C[C@]12CCC(=O)C=C1CC[C@@H]3[C@@H]2[C@H](C[C@]4([C@H]3CC[C@@]4(C(=O)COC(=O)CCC(=O)[O-])O)C)O.[Na+],CC12CCC(=O)C=C1CCC1C2C(O)CC2(C)C1CCC2(O)C(=O)COC(=O)CCC(=O)[O-],<rdkit.Chem.rdchem.Mol object at 0x1239771b0>,484.5210000000003,-2.1333999999999937,2,8,141.03,6,4,34,0.76,0
213,603,C[C@]12CCC(=O)C=C1CC[C@@H]3[C@@H]2[C@H](C[C@]4([C@H]3CC[C@@]4(C(=O)COC(=O)CCC(=O)[O-])O)C)O.[Na+],CC12CCC(=O)C=C1CCC1C2C(O)CC2(C)C1CCC2(O)C(=O)COC(=O)CCC(=O)[O-],<rdkit.Chem.rdchem.Mol object at 0x123977220>,484.5210000000003,-2.1333999999999937,2,8,141.03,6,4,34,0.76,0
214,604,C[C@]12CCC(=O)C=C1CC[C@@H]3[C@@H]2[C@H](C[C@]4([C@H]3CC[C@@]4(C(=O)COC(=O)CCC(=O)[O-])O)C)O.[Na+],CC12CCC(=O)C=C1CCC1C2C(O)CC2(C)C1CCC2(O)C(=O)COC(=O)CCC(=O)[O-],<rdkit.Chem.rdchem.Mol object at 0x123977290>,484.5210000000003,-2.1333999999999937,2,8,141.03,6,4,34,0.76,0
215,605,C[C@]12CCC(=O)C=C1CC[C@@H]3[C@@H]2[C@H](C[C@]4([C@H]3CC[C@@]4(C(=O)COC(=O)CCC(=O)[O-])O)C)O.[Na+],CC12CCC(=O)C=C1CCC1C2C(O)CC2(C)C1CCC2(O)C(=O)COC(=O)CCC(=O)[O-],<rdkit.Chem.rdchem.Mol object at 0x123977300>,484.5210000000003,-2.1333999999999937,2,8,141.03,6,4,34,0.76,0
216,609,CCCCOC1=CC=C(C=C1)C(=O)CCN2CCCCC2.Cl,CCCCOc1ccc(C(=O)CCN2CCCCC2)cc1,<rdkit.Chem.rdchem.Mol object at 0x123977370>,325.88000000000005,4.3460000000000045,0,3,29.54,8,2,22,0.6111111111111112,0
217,610,CCCCOC1=CC=C(C=C1)C(=O)CCN2CCCCC2.Cl,CCCCOc1ccc(C(=O)CCN2CCCCC2)cc1,<rdkit.Chem.rdchem.Mol object at 0x1239773e0>,325.88000000000005,4.3460000000000045,0,3,29.54,8,2,22,0.6111111111111112,0
218,613,C[C@]12CC(=O)[C@H]3[C@H]([C@@H]1CC[C@@]2(C(=O)CO)O)CCC4=CC(=O)C=C[C@]34C,CC12C=CC(=O)C=C1CCC1C2C(=O)CC2(C)C1CCC2(O)C(=O)CO,<rdkit.Chem.rdchem.Mol object at 0x123977450>,358.434,1.7658,2,5,91.67000000000002,2,4,26,0.6666666666666666,0
219,614,C[C@]12CC(=O)[C@H]3[C@H]([C@@H]1CC[C@@]2(C(=O)CO)O)CCC4=CC(=O)C=C[C@]34C,CC12C=CC(=O)C=C1CCC1C2C(=O)CC2(C)C1CCC2(O)C(=O)CO,<rdkit.Chem.rdchem.Mol object at 0x1239774c0>,358.434,1.7658,2,5,91.67000000000002,2,4,26,0.6666666666666666,0
220,615,C[C@]12CC(=O)[C@H]3[C@H]([C@@H]1CC[C@@]2(C(=O)CO)O)CCC4=CC(=O)C=C[C@]34C,CC12C=CC(=O)C=C1CCC1C2C(=O)CC2(C)C1CCC2(O)C(=O)CO,<rdkit.Chem.rdchem.Mol object at 0x123977530>,358.434,1.7658,2,5,91.67000000000002,2,4,26,0.6666666666666666,0
221,616,C[C@]12CC(=O)[C@H]3[C@H]([C@@H]1CC[C@@]2(C(=O)CO)O)CCC4=CC(=O)C=C[C@]34C,CC12C=CC(=O)C=C1CCC1C2C(=O)CC2(C)C1CCC2(O)C(=O)CO,<rdkit.Chem.rdchem.Mol object at 0x1239775a0>,358.434,1.7658,2,5,91.67000000000002,2,4,26,0.6666666666666666,0
222,617,C[C@]12CC(=O)[C@H]3[C@H]([C@@H]1CC[C@@]2(C(=O)CO)O)CCC4=CC(=O)C=C[C@]34C,CC12C=CC(=O)C=C1CCC1C2C(=O)CC2(C)C1CCC2(O)C(=O)CO,<rdkit.Chem.rdchem.Mol object at 0x123977610>,358.434,1.7658,2,5,91.67000000000002,2,4,26,0.6666666666666666,0
223,629,CC(=O)NC1=C(C(=C(C(=C1I)C(=O)O)I)NC(=O)C)I.CNC[C@@H]([C@H]([C@@H]([C@@H](CO)O)O)O)O,CC(=O)Nc1c(I)c(NC(C)=O)c(I)c(C(=O)O)c1I,<rdkit.Chem.rdchem.Mol object at 0x123977680>,809.1300000000002,-0.24290000000000017,9,9,208.67999999999998,9,1,33,0.5,0
224,629,CC(=O)NC1=C(C(=C(C(=C1I)C(=O)[O-])I)NC(=O)C)I.[Na+],CC(=O)Nc1c(I)c(NC(C)=O)c(I)c(C(=O)[O-])c1I,<rdkit.Chem.rdchem.Mol object at 0x1239776f0>,635.8970000000002,-1.2152999999999998,2,4,98.33000000000001,3,1,21,0.18181818181818182,0
225,634,CC(=O)NC1=C(C(=C(C(=C1I)C(=O)O)I)NC(=O)C)I.CNC[C@@H]([C@H]([C@@H]([C@@H](CO)O)O)O)O,CC(=O)Nc1c(I)c(NC(C)=O)c(I)c(C(=O)O)c1I,<rdkit.Chem.rdchem.Mol object at 0x123977760>,809.1300000000002,-0.24290000000000017,9,9,208.67999999999998,9,1,33,0.5,0
226,638,CC(=O)NC1=C(C(=C(C(=C1I)C(=O)O)I)NC(=O)C)I.CNC[C@@H]([C@H]([C@@H]([C@@H](CO)O)O)O)O,CC(=O)Nc1c(I)c(NC(C)=O)c(I)c(C(=O)O)c1I,<rdkit.Chem.rdchem.Mol object at 0x1239777d0>,809.1300000000002,-0.24290000000000017,9,9,208.67999999999998,9,1,33,0.5,0
227,639,CC(=O)OCC(=O)[C@]1(CC[C@@H]2[C@@]1(C[C@@H]([C@]3([C@H]2CCC4=CC(=O)CC[C@@]43C)F)O)C)O,CC(=O)OCC(=O)C1(O)CCC2C3CCC4=CC(=O)CCC4(C)C3(F)C(O)CC21C,<rdkit.Chem.rdchem.Mol object at 0x123977840>,422.49300000000017,2.444500000000001,2,6,100.9,3,4,30,0.782608695652174,0
228,643,CC1=C(C(=O)C2=CC=CC=C2C1=O)C/C=C(\C)/CCC[C@H](C)CCC[C@H](C)CCCC(C)C,CC(=CCC1=C(C)C(=O)c2ccccc2C1=O)CCCC(C)CCCC(C)CCCC(C)C,<rdkit.Chem.rdchem.Mol object at 0x1239778b0>,450.70700000000033,9.1576,0,2,34.14,14,2,33,0.6129032258064516,0
229,648,COC(=O)C(C1CCCCN1)C2=CC=CC=C2.Cl,COC(=O)C(c1ccccc1)C1CCCCN1,<rdkit.Chem.rdchem.Mol object at 0x123977920>,269.772,2.5071000000000008,1,3,38.33,3,2,18,0.5,0
230,649,COC(=O)C(C1CCCCN1)C2=CC=CC=C2.Cl,COC(=O)C(c1ccccc1)C1CCCCN1,<rdkit.Chem.rdchem.Mol object at 0x123977990>,269.772,2.5071000000000008,1,3,38.33,3,2,18,0.5,0
231,650,COC(=O)C(C1CCCCN1)C2=CC=CC=C2.Cl,COC(=O)C(c1ccccc1)C1CCCCN1,<rdkit.Chem.rdchem.Mol object at 0x123977a00>,269.772,2.5071000000000008,1,3,38.33,3,2,18,0.5,0
232,656,CC1(C2CCC(C2)C1(C)NC)C.Cl,CNC1(C)C2CCC(C2)C1(C)C,<rdkit.Chem.rdchem.Mol object at 0x123977a70>,203.757,2.842400000000001,1,1,12.03,1,2,13,1.0,0
233,658,CCCCCC(=O)O[C@@]1(CC[C@@H]2[C@@]1(CC[C@H]3[C@H]2CCC4=CC(=O)CC[C@]34C)C)C(=O)C,CCCCCC(=O)OC1(C(C)=O)CCC2C3CCC4=CC(=O)CCC4(C)C3CCC21C,<rdkit.Chem.rdchem.Mol object at 0x123977ae0>,428.6130000000003,5.969600000000007,0,4,60.440000000000005,6,4,31,0.8148148148148148,0
234,659,CCCCCC(=O)O[C@@]1(CC[C@@H]2[C@@]1(CC[C@H]3[C@H]2CCC4=CC(=O)CC[C@]34C)C)C(=O)C,CCCCCC(=O)OC1(C(C)=O)CCC2C3CCC4=CC(=O)CCC4(C)C3CCC21C,<rdkit.Chem.rdchem.Mol object at 0x123977b50>,428.6130000000003,5.969600000000007,0,4,60.440000000000005,6,4,31,0.8148148148148148,0
235,672,C1=CC(=C(C=C1OC2=C(C=C(C=C2I)C[C@@H](C(=O)[O-])N)I)I)O.[Na+],NC(Cc1cc(I)c(Oc2ccc(O)c(I)c2)c(I)c1)C(=O)[O-],<rdkit.Chem.rdchem.Mol object at 0x123977bc0>,672.9580000000001,-0.3780000000000004,2,5,95.61,5,2,24,0.13333333333333333,0
236,673,C1=CC(=C(C=C1OC2=C(C=C(C=C2I)C[C@@H](C(=O)[O-])N)I)I)O.[Na+],NC(Cc1cc(I)c(Oc2ccc(O)c(I)c2)c(I)c1)C(=O)[O-],<rdkit.Chem.rdchem.Mol object at 0x123977c30>,672.9580000000001,-0.3780000000000004,2,5,95.61,5,2,24,0.13333333333333333,0
237,674,C1=CC(=C(C=C1OC2=C(C=C(C=C2I)C[C@@H](C(=O)[O-])N)I)I)O.[Na+],NC(Cc1cc(I)c(Oc2ccc(O)c(I)c2)c(I)c1)C(=O)[O-],<rdkit.Chem.rdchem.Mol object at 0x123977ca0>,672.9580000000001,-0.3780000000000004,2,5,95.61,5,2,24,0.13333333333333333,0
238,675,C1CN(CCN1CCOCCO)C(C2=CC=CC=C2)C3=CC=C(C=C3)Cl.Cl.Cl,OCCOCCN1CCN(C(c2ccccc2)c2ccc(Cl)cc2)CC1,<rdkit.Chem.rdchem.Mol object at 0x123977d10>,447.834,3.8995000000000046,1,4,35.94,8,3,28,0.42857142857142855,0
239,676,C1CN(CCN1CCOCCO)C(C2=CC=CC=C2)C3=CC=C(C=C3)Cl.Cl.Cl,OCCOCCN1CCN(C(c2ccccc2)c2ccc(Cl)cc2)CC1,<rdkit.Chem.rdchem.Mol object at 0x123977d80>,447.834,3.8995000000000046,1,4,35.94,8,3,28,0.42857142857142855,0
240,677,C1CN(CCN1CCOCCO)C(C2=CC=CC=C2)C3=CC=C(C=C3)Cl.Cl.Cl,OCCOCCN1CCN(C(c2ccccc2)c2ccc(Cl)cc2)CC1,<rdkit.Chem.rdchem.Mol object at 0x123977df0>,447.834,3.8995000000000046,1,4,35.94,8,3,28,0.42857142857142855,0
241,678,C1CN(CCN1CCOCCO)C(C2=CC=CC=C2)C3=CC=C(C=C3)Cl.Cl.Cl,OCCOCCN1CCN(C(c2ccccc2)c2ccc(Cl)cc2)CC1,<rdkit.Chem.rdchem.Mol object at 0x123977e60>,447.834,3.8995000000000046,1,4,35.94,8,3,28,0.42857142857142855,0
242,679,CCC1(C(=O)NCNC1=O)C2=CC=CC=C2,CCC1(c2ccccc2)C(=O)NCNC1=O,<rdkit.Chem.rdchem.Mol object at 0x123977ed0>,218.256,0.5378999999999994,2,2,58.2,2,2,16,0.3333333333333333,0
243,680,C[C@]12CC[C@H]3C(=CCC4=C3C=CC(=C4)OS(=O)(=O)[O-])[C@@H]1CCC2=O.[Na+],CC12CCC3C(=CCc4cc(OS(=O)(=O)[O-])ccc43)C1CCC2=O,<rdkit.Chem.rdchem.Mol object at 0x123977f40>,370.40200000000016,-0.12509999999999888,0,5,83.5,2,4,25,0.5,0
244,681,CCN(CC)CC(=O)NC1=C(C=CC=C1C)C.Cl,CCN(CC)CC(=O)Nc1c(C)cccc1C,<rdkit.Chem.rdchem.Mol object at 0x123950040>,270.804,3.005540000000002,1,2,32.34,5,1,18,0.5,0
245,682,CCN(CC)CC(=O)NC1=C(C=CC=C1C)C.Cl,CCN(CC)CC(=O)Nc1c(C)cccc1C,<rdkit.Chem.rdchem.Mol object at 0x1239500b0>,270.804,3.005540000000002,1,2,32.34,5,1,18,0.5,0
246,697,CC(C)NCC(C1=CC(=C(C=C1)O)O)O.Cl,CC(C)NCC(O)c1ccc(O)c(O)c1,<rdkit.Chem.rdchem.Mol object at 0x123950120>,247.722,1.5510000000000002,4,4,72.72,4,1,16,0.45454545454545453,0
247,703,CN1CCN(CC1)CCCN2C3=C(SC4=CC=CC=C24)C=CC(=C3)Cl.C(=C\C(=O)O)\C(=O)O.C(=C\C(=O)O)\C(=O)O,CN1CCN(CCCN2c3ccccc3Sc3ccc(Cl)cc32)CC1,<rdkit.Chem.rdchem.Mol object at 0x123950190>,606.0970000000003,4.003800000000001,4,8,158.92000000000002,8,4,41,0.2857142857142857,0
248,704,CN1CCN(CC1)CCCN2C3=C(SC4=CC=CC=C24)C=CC(=C3)Cl.C(=C\C(=O)O)\C(=O)O.C(=C\C(=O)O)\C(=O)O,CN1CCN(CCCN2c3ccccc3Sc3ccc(Cl)cc32)CC1,<rdkit.Chem.rdchem.Mol object at 0x123950200>,606.0970000000003,4.003800000000001,4,8,158.92000000000002,8,4,41,0.2857142857142857,0
249,705,CN1CCN(CC1)CCCN2C3=C(SC4=CC=CC=C24)C=CC(=C3)Cl.C(=C\C(=O)O)\C(=O)O.C(=C\C(=O)O)\C(=O)O,CN1CCN(CCCN2c3ccccc3Sc3ccc(Cl)cc32)CC1,<rdkit.Chem.rdchem.Mol object at 0x123950270>,606.0970000000003,4.003800000000001,4,8,158.92000000000002,8,4,41,0.2857142857142857,0
250,708,CC1(CC(=O)N(C1=O)C)C2=CC=CC=C2,CN1C(=O)CC(C)(c2ccccc2)C1=O,<rdkit.Chem.rdchem.Mol object at 0x1239502e0>,203.241,1.3329999999999997,0,2,37.38,1,2,15,0.3333333333333333,0
251,709,CC1(CC(=O)N(C1=O)C)C2=CC=CC=C2,CN1C(=O)CC(C)(c2ccccc2)C1=O,<rdkit.Chem.rdchem.Mol object at 0x123950350>,203.241,1.3329999999999997,0,2,37.38,1,2,15,0.3333333333333333,0
252,717,C1=CC(=CC=C1CCCC(=O)O)N(CCCl)CCCl,O=C(O)CCCc1ccc(N(CCCl)CCCl)cc1,<rdkit.Chem.rdchem.Mol object at 0x1239503c0>,304.217,3.3779000000000012,1,2,40.54,9,1,19,0.5,0
253,720,C[N+]1(CCCC(C1)OC(=O)C(C2=CC=CC=C2)(C3=CC=CC=C3)O)C.[Br-],C[N+]1(C)CCCC(OC(=O)C(O)(c2ccccc2)c2ccccc2)C1,<rdkit.Chem.rdchem.Mol object at 0x123950430>,420.34700000000004,-0.291499999999999,1,3,46.53,4,3,26,0.38095238095238093,0
254,725,CC1=CC(=CC=C1)CN2CCN(CC2)C(C3=CC=CC=C3)C4=CC=C(C=C4)Cl.O.Cl.Cl,Cc1cccc(CN2CCN(C(c3ccccc3)c3ccc(Cl)cc3)CC2)c1,<rdkit.Chem.rdchem.Mol object at 0x1239504a0>,481.89500000000015,5.574520000000007,0,2,37.980000000000004,5,4,31,0.28,0
255,726,CC1=CC(=CC=C1)CN2CCN(CC2)C(C3=CC=CC=C3)C4=CC=C(C=C4)Cl.O.Cl.Cl,Cc1cccc(CN2CCN(C(c3ccccc3)c3ccc(Cl)cc3)CC2)c1,<rdkit.Chem.rdchem.Mol object at 0x123950510>,481.89500000000015,5.574520000000007,0,2,37.980000000000004,5,4,31,0.28,0
256,727,CC1=CC(=CC=C1)CN2CCN(CC2)C(C3=CC=CC=C3)C4=CC=C(C=C4)Cl.O.Cl.Cl,Cc1cccc(CN2CCN(C(c3ccccc3)c3ccc(Cl)cc3)CC2)c1,<rdkit.Chem.rdchem.Mol object at 0x123950580>,481.89500000000015,5.574520000000007,0,2,37.980000000000004,5,4,31,0.28,0
257,728,CC1=CC(=CC=C1)CN2CCN(CC2)C(C3=CC=CC=C3)C4=CC=C(C=C4)Cl.O.Cl.Cl,Cc1cccc(CN2CCN(C(c3ccccc3)c3ccc(Cl)cc3)CC2)c1,<rdkit.Chem.rdchem.Mol object at 0x1239505f0>,481.89500000000015,5.574520000000007,0,2,37.980000000000004,5,4,31,0.28,0
258,729,CN1CCN(CC1)CCCN2C3=CC=CC=C3SC4=C2C=C(C=C4)Cl.C(CS(=O)(=O)O)S(=O)(=O)O,CN1CCN(CCCN2c3ccccc3Sc3ccc(Cl)cc32)CC1,<rdkit.Chem.rdchem.Mol object at 0x123950660>,564.1510000000003,3.342200000000001,2,8,118.46,7,4,35,0.45454545454545453,0
259,732,C1CN(CCN1CCCN2C3=CC=CC=C3SC4=C2C=C(C=C4)Cl)CCO,OCCN1CCN(CCCN2c3ccccc3Sc3ccc(Cl)cc32)CC1,<rdkit.Chem.rdchem.Mol object at 0x1239506d0>,403.9790000000002,3.9427000000000034,1,5,29.950000000000003,6,4,27,0.42857142857142855,0
260,733,C1CN(CCN1CCCN2C3=CC=CC=C3SC4=C2C=C(C=C4)Cl)CCO,OCCN1CCN(CCCN2c3ccccc3Sc3ccc(Cl)cc32)CC1,<rdkit.Chem.rdchem.Mol object at 0x123950740>,403.9790000000002,3.9427000000000034,1,5,29.950000000000003,6,4,27,0.42857142857142855,0
261,734,C1CN(CCN1CCCN2C3=CC=CC=C3SC4=C2C=C(C=C4)Cl)CCO,OCCN1CCN(CCCN2c3ccccc3Sc3ccc(Cl)cc32)CC1,<rdkit.Chem.rdchem.Mol object at 0x1239507b0>,403.9790000000002,3.9427000000000034,1,5,29.950000000000003,6,4,27,0.42857142857142855,0
262,735,C1CN(CCN1CCCN2C3=CC=CC=C3SC4=C2C=C(C=C4)Cl)CCO,OCCN1CCN(CCCN2c3ccccc3Sc3ccc(Cl)cc32)CC1,<rdkit.Chem.rdchem.Mol object at 0x123950820>,403.9790000000002,3.9427000000000034,1,5,29.950000000000003,6,4,27,0.42857142857142855,0
263,749,CCN1C(=O)C(NC1=O)C2=CC=CC=C2,CCN1C(=O)NC(c2ccccc2)C1=O,<rdkit.Chem.rdchem.Mol object at 0x123950890>,204.229,1.2994,1,2,49.410000000000004,2,2,15,0.2727272727272727,0
264,754,CC(CN1C2=CC=CC=C2SC3=CC=CC=C31)N(C)C.Cl,CC(CN1c2ccccc2Sc2ccccc21)N(C)C,<rdkit.Chem.rdchem.Mol object at 0x123950900>,320.88899999999995,4.6612000000000045,0,3,6.48,3,3,21,0.29411764705882354,0
265,755,CC(CN1C2=CC=CC=C2SC3=CC=CC=C31)N(C)C.Cl,CC(CN1c2ccccc2Sc2ccccc21)N(C)C,<rdkit.Chem.rdchem.Mol object at 0x123950970>,320.88899999999995,4.6612000000000045,0,3,6.48,3,3,21,0.29411764705882354,0
266,780,COC1=CC=CC=C1OCC(COC(=O)N)O,COc1ccccc1OCC(O)COC(N)=O,<rdkit.Chem.rdchem.Mol object at 0x1239509e0>,241.24299999999994,0.5301999999999998,2,5,91.01,6,1,17,0.36363636363636365,0
267,781,COC1=CC=CC=C1OCC(COC(=O)N)O,COc1ccccc1OCC(O)COC(N)=O,<rdkit.Chem.rdchem.Mol object at 0x123950a50>,241.24299999999994,0.5301999999999998,2,5,91.01,6,1,17,0.36363636363636365,0
268,789,C1CN(CCN1CCOCCO)C(C2=CC=CC=C2)C3=CC=C(C=C3)Cl.Cl.Cl,OCCOCCN1CCN(C(c2ccccc2)c2ccc(Cl)cc2)CC1,<rdkit.Chem.rdchem.Mol object at 0x123950ac0>,447.834,3.8995000000000046,1,4,35.94,8,3,28,0.42857142857142855,0
269,790,C1CN(CCN1CCOCCO)C(C2=CC=CC=C2)C3=CC=C(C=C3)Cl.Cl.Cl,OCCOCCN1CCN(C(c2ccccc2)c2ccc(Cl)cc2)CC1,<rdkit.Chem.rdchem.Mol object at 0x123950b30>,447.834,3.8995000000000046,1,4,35.94,8,3,28,0.42857142857142855,0
270,802,C1=C2C(=CC(=C1Cl)S(=O)(=O)N)S(=O)(=O)N=CN2,NS(=O)(=O)c1cc2c(cc1Cl)NC=NS2(=O)=O,<rdkit.Chem.rdchem.Mol object at 0x123950ba0>,295.729,0.12989999999999996,2,5,118.68999999999998,1,2,17,0.0,0
271,803,C1=C2C(=CC(=C1Cl)S(=O)(=O)N)S(=O)(=O)N=CN2,NS(=O)(=O)c1cc2c(cc1Cl)NC=NS2(=O)=O,<rdkit.Chem.rdchem.Mol object at 0x123950c10>,295.729,0.12989999999999996,2,5,118.68999999999998,1,2,17,0.0,0
272,804,C1=C2C(=CC(=C1Cl)S(=O)(=O)N)S(=O)(=O)[N-]C=N2.[Na+],NS(=O)(=O)c1cc2c(cc1Cl)N=C[N-]S2(=O)=O,<rdkit.Chem.rdchem.Mol object at 0x123950c80>,317.711,-2.2727999999999993,1,5,120.75999999999998,1,2,18,0.0,0
273,805,C[C@H]1C[C@H]2[C@@H]3CC[C@@]([C@]3(C[C@@H]([C@@H]2[C@@]4(C1=CC(=O)C=C4)C)O)C)(C(=O)CO)O,CC1CC2C(C(O)CC3(C)C2CCC3(O)C(=O)CO)C2(C)C=CC(=O)C=C12,<rdkit.Chem.rdchem.Mol object at 0x123950cf0>,374.47700000000015,1.8036000000000003,3,5,94.83,2,4,27,0.7272727272727273,0
274,806,C[C@H]1C[C@H]2[C@@H]3CC[C@@]([C@]3(C[C@@H]([C@@H]2[C@@]4(C1=CC(=O)C=C4)C)O)C)(C(=O)CO)O,CC1CC2C(C(O)CC3(C)C2CCC3(O)C(=O)CO)C2(C)C=CC(=O)C=C12,<rdkit.Chem.rdchem.Mol object at 0x123950d60>,374.47700000000015,1.8036000000000003,3,5,94.83,2,4,27,0.7272727272727273,0
275,807,C[C@H]1C[C@H]2[C@@H]3CC[C@@]([C@]3(C[C@@H]([C@@H]2[C@@]4(C1=CC(=O)C=C4)C)O)C)(C(=O)CO)O,CC1CC2C(C(O)CC3(C)C2CCC3(O)C(=O)CO)C2(C)C=CC(=O)C=C12,<rdkit.Chem.rdchem.Mol object at 0x123950dd0>,374.47700000000015,1.8036000000000003,3,5,94.83,2,4,27,0.7272727272727273,0
276,808,C[C@H]1C[C@H]2[C@@H]3CC[C@@]([C@]3(C[C@@H]([C@@H]2[C@@]4(C1=CC(=O)C=C4)C)O)C)(C(=O)CO)O,CC1CC2C(C(O)CC3(C)C2CCC3(O)C(=O)CO)C2(C)C=CC(=O)C=C12,<rdkit.Chem.rdchem.Mol object at 0x123950e40>,374.47700000000015,1.8036000000000003,3,5,94.83,2,4,27,0.7272727272727273,0
277,810,C[C@H]1C[C@H]2[C@@H]3CC[C@@]([C@]3(C[C@@H]([C@@H]2[C@@]4(C1=CC(=O)C=C4)C)O)C)(C(=O)CO)O,CC1CC2C(C(O)CC3(C)C2CCC3(O)C(=O)CO)C2(C)C=CC(=O)C=C12,<rdkit.Chem.rdchem.Mol object at 0x123950eb0>,374.47700000000015,1.8036000000000003,3,5,94.83,2,4,27,0.7272727272727273,0
278,821,CCCCNC1=CC=C(C=C1)C(=O)OCCOCCOCCOCCOCCOCCOCCOCCOCCOC,CCCCNc1ccc(C(=O)OCCOCCOCCOCCOCCOCCOCCOCCOCCOC)cc1,<rdkit.Chem.rdchem.Mol object at 0x123950f20>,603.7500000000003,2.8346000000000027,1,12,121.40000000000003,32,1,42,0.7666666666666667,0
279,822,CCCCNC1=CC=C(C=C1)C(=O)OCCOCCOCCOCCOCCOCCOCCOCCOCCOC,CCCCNc1ccc(C(=O)OCCOCCOCCOCCOCCOCCOCCOCCOCCOC)cc1,<rdkit.Chem.rdchem.Mol object at 0x123950f90>,603.7500000000003,2.8346000000000027,1,12,121.40000000000003,32,1,42,0.7666666666666667,0
280,825,CC(=O)NC1=C(C(=C(C(=C1I)C(=O)O)I)NC(=O)C)I.CNC[C@@H]([C@H]([C@@H]([C@@H](CO)O)O)O)O,CC(=O)Nc1c(I)c(NC(C)=O)c(I)c(C(=O)O)c1I,<rdkit.Chem.rdchem.Mol object at 0x123951000>,809.1300000000002,-0.24290000000000017,9,9,208.67999999999998,9,1,33,0.5,0
281,825,CC(=O)NC1=C(C(=C(C(=C1I)C(=O)[O-])I)NC(=O)C)I.[Na+],CC(=O)Nc1c(I)c(NC(C)=O)c(I)c(C(=O)[O-])c1I,<rdkit.Chem.rdchem.Mol object at 0x123951070>,635.8970000000002,-1.2152999999999998,2,4,98.33000000000001,3,1,21,0.18181818181818182,0
282,826,CN1CC[C@@]23CCCC[C@@H]2[C@@H]1CC4=C3C=C(C=C4)OC.Br,COc1ccc2c(c1)C13CCCCC1C(C2)N(C)CC3,<rdkit.Chem.rdchem.Mol object at 0x1239510e0>,352.31600000000003,3.9613000000000036,0,2,12.47,1,4,21,0.6666666666666666,0
283,826,CC(CN1C2=CC=CC=C2SC3=CC=CC=C31)N(C)C.Cl,CC(CN1c2ccccc2Sc2ccccc21)N(C)C,<rdkit.Chem.rdchem.Mol object at 0x123951150>,320.88899999999995,4.6612000000000045,0,3,6.48,3,3,21,0.29411764705882354,0
284,828,CN1CCN(CC1)CCCN2C3=CC=CC=C3SC4=C2C=C(C=C4)Cl.C(CS(=O)(=O)O)S(=O)(=O)O,CN1CCN(CCCN2c3ccccc3Sc3ccc(Cl)cc32)CC1,<rdkit.Chem.rdchem.Mol object at 0x1239511c0>,564.1510000000003,3.342200000000001,2,8,118.46,7,4,35,0.45454545454545453,0
285,837,C1=CC2=C(C=C1Cl)NC(=O)O2,O=c1[nH]c2cc(Cl)ccc2o1,<rdkit.Chem.rdchem.Mol object at 0x123951230>,169.56699999999998,1.7744999999999997,1,2,46.0,0,2,11,0.0,0
286,842,CC(=O)NC1=C(C(=C(C(=C1I)C(=O)O)I)NC(=O)C)I.CNC[C@@H]([C@H]([C@@H]([C@@H](CO)O)O)O)O,CC(=O)Nc1c(I)c(NC(C)=O)c(I)c(C(=O)O)c1I,<rdkit.Chem.rdchem.Mol object at 0x1239512a0>,809.1300000000002,-0.24290000000000017,9,9,208.67999999999998,9,1,33,0.5,0
287,842,CNC[C@@H]([C@H]([C@@H]([C@@H](CO)O)O)O)O.CNC[C@@H]([C@H]([C@@H]([C@@H](CO)O)O)O)O.C1=C(C(=C(C(=C1I)NC(=O)CCCCC(=O)NC2=C(C=C(C(=C2I)C(=O)O)I)I)I)C(=O)O)I,O=C(CCCCC(=O)Nc1c(I)cc(I)c(C(=O)O)c1I)Nc1c(I)cc(I)c(C(=O)O)c1I,<rdkit.Chem.rdchem.Mol object at 0x123951310>,1530.1939999999997,0.13160000000000316,16,16,359.15999999999997,21,2,60,0.5294117647058824,0
288,851,C1=C(C=C(C(=C1S(=O)(=O)N)Cl)Cl)S(=O)(=O)N,NS(=O)(=O)c1cc(Cl)c(Cl)c(S(N)(=O)=O)c1,<rdkit.Chem.rdchem.Mol object at 0x123951380>,305.16400000000004,0.28820000000000023,2,4,120.31999999999998,2,1,16,0.0,0
289,852,C1=C(C=C(C(=C1S(=O)(=O)N)Cl)Cl)S(=O)(=O)N,NS(=O)(=O)c1cc(Cl)c(Cl)c(S(N)(=O)=O)c1,<rdkit.Chem.rdchem.Mol object at 0x1239513f0>,305.16400000000004,0.28820000000000023,2,4,120.31999999999998,2,1,16,0.0,0
290,858,C1CN(CCN1CCOCCO)C(C2=CC=CC=C2)C3=CC=C(C=C3)Cl.C1=CC=C2C(=C1)C=C(C(=C2CC3=C(C(=CC4=CC=CC=C43)C(=O)O)O)O)C(=O)O,O=C(O)c1cc2ccccc2c(Cc2c(O)c(C(=O)O)cc3ccccc23)c1O,<rdkit.Chem.rdchem.Mol object at 0x123951460>,763.2870000000003,7.44730000000001,5,8,151.0,12,7,55,0.22727272727272727,0
291,859,C1CN(CCN1CCOCCO)C(C2=CC=CC=C2)C3=CC=C(C=C3)Cl.C1=CC=C2C(=C1)C=C(C(=C2CC3=C(C(=CC4=CC=CC=C43)C(=O)O)O)O)C(=O)O,O=C(O)c1cc2ccccc2c(Cc2c(O)c(C(=O)O)cc3ccccc23)c1O,<rdkit.Chem.rdchem.Mol object at 0x1239514d0>,763.2870000000003,7.44730000000001,5,8,151.0,12,7,55,0.22727272727272727,0
292,860,C1CN(CCN1CCOCCO)C(C2=CC=CC=C2)C3=CC=C(C=C3)Cl.C1=CC=C2C(=C1)C=C(C(=C2CC3=C(C(=CC4=CC=CC=C43)C(=O)O)O)O)C(=O)O,O=C(O)c1cc2ccccc2c(Cc2c(O)c(C(=O)O)cc3ccccc23)c1O,<rdkit.Chem.rdchem.Mol object at 0x123951540>,763.2870000000003,7.44730000000001,5,8,151.0,12,7,55,0.22727272727272727,0
293,863,CC(=O)OC1=CC=CC=C1C(=O)O,CC(=O)Oc1ccccc1C(=O)O,<rdkit.Chem.rdchem.Mol object at 0x1239515b0>,180.15899999999996,1.3101,1,3,63.60000000000001,2,1,13,0.1111111111111111,0
294,863,CN1C=NC2=C1C(=O)N(C(=O)N2C)C,Cn1c(=O)c2c(ncn2C)n(C)c1=O,<rdkit.Chem.rdchem.Mol object at 0x123951620>,194.194,-1.0293,0,6,61.82,0,2,14,0.375,0
295,863,CN1CC[C@]23[C@@H]4[C@H]1CC5=C2C(=C(C=C5)OC)O[C@H]3[C@H](CC4)O.[C@@H]([C@H](C(=O)O)O)(C(=O)O)O,COc1ccc2c3c1OC1C(O)CCC4C(C2)N(C)CCC341,<rdkit.Chem.rdchem.Mol object at 0x123951690>,451.4720000000002,-0.3974999999999984,5,8,156.98999999999998,4,5,32,0.6363636363636364,0
296,868,CC(CC1=CC=CC=C1)N.CC(CC1=CC=CC=C1)N.C([C@@H](C(=O)O)N)C(=O)O,CC(N)Cc1ccccc1,<rdkit.Chem.rdchem.Mol object at 0x123951700>,403.52300000000014,2.025600000000001,5,5,152.66,7,2,29,0.36363636363636365,0
297,868,CC(CC1=CC=CC=C1)N.CC(CC1=CC=CC=C1)N.OS(=O)(=O)O,CC(N)Cc1ccccc1,<rdkit.Chem.rdchem.Mol object at 0x123951770>,368.499,2.4998000000000005,4,4,126.64,4,2,25,0.3333333333333333,0
298,868,C[C@@H](CC1=CC=CC=C1)N.C[C@@H](CC1=CC=CC=C1)N.OS(=O)(=O)O,CC(N)Cc1ccccc1,<rdkit.Chem.rdchem.Mol object at 0x1239517e0>,368.499,2.4998000000000005,4,4,126.64,4,2,25,0.3333333333333333,0
299,869,CC(CC1=CC=CC=C1)N.CC(CC1=CC=CC=C1)N.C([C@@H](C(=O)O)N)C(=O)O,CC(N)Cc1ccccc1,<rdkit.Chem.rdchem.Mol object at 0x123951850>,403.52300000000014,2.025600000000001,5,5,152.66,7,2,29,0.36363636363636365,0
300,869,CC(CC1=CC=CC=C1)N.CC(CC1=CC=CC=C1)N.OS(=O)(=O)O,CC(N)Cc1ccccc1,<rdkit.Chem.rdchem.Mol object at 0x1239518c0>,368.499,2.4998000000000005,4,4,126.64,4,2,25,0.3333333333333333,0
301,869,C[C@@H](CC1=CC=CC=C1)N.C[C@@H](CC1=CC=CC=C1)N.OS(=O)(=O)O,CC(N)Cc1ccccc1,<rdkit.Chem.rdchem.Mol object at 0x123951930>,368.499,2.4998000000000005,4,4,126.64,4,2,25,0.3333333333333333,0
302,870,CC(CC1=CC=CC=C1)N.CC(CC1=CC=CC=C1)N.C([C@@H](C(=O)O)N)C(=O)O,CC(N)Cc1ccccc1,<rdkit.Chem.rdchem.Mol object at 0x1239519a0>,403.52300000000014,2.025600000000001,5,5,152.66,7,2,29,0.36363636363636365,0
303,870,CC(CC1=CC=CC=C1)N.CC(CC1=CC=CC=C1)N.OS(=O)(=O)O,CC(N)Cc1ccccc1,<rdkit.Chem.rdchem.Mol object at 0x123951a10>,368.499,2.4998000000000005,4,4,126.64,4,2,25,0.3333333333333333,0
304,870,C[C@@H](CC1=CC=CC=C1)N.C[C@@H](CC1=CC=CC=C1)N.OS(=O)(=O)O,CC(N)Cc1ccccc1,<rdkit.Chem.rdchem.Mol object at 0x123951a80>,368.499,2.4998000000000005,4,4,126.64,4,2,25,0.3333333333333333,0
305,871,CC(CC1=CC=CC=C1)N.CC(CC1=CC=CC=C1)N.C([C@@H](C(=O)O)N)C(=O)O,CC(N)Cc1ccccc1,<rdkit.Chem.rdchem.Mol object at 0x123951af0>,403.52300000000014,2.025600000000001,5,5,152.66,7,2,29,0.36363636363636365,0
306,871,CC(CC1=CC=CC=C1)N.CC(CC1=CC=CC=C1)N.OS(=O)(=O)O,CC(N)Cc1ccccc1,<rdkit.Chem.rdchem.Mol object at 0x123951b60>,368.499,2.4998000000000005,4,4,126.64,4,2,25,0.3333333333333333,0
307,871,C[C@@H](CC1=CC=CC=C1)N.C[C@@H](CC1=CC=CC=C1)N.OS(=O)(=O)O,CC(N)Cc1ccccc1,<rdkit.Chem.rdchem.Mol object at 0x123951bd0>,368.499,2.4998000000000005,4,4,126.64,4,2,25,0.3333333333333333,0
308,872,CC(CC1=CC=CC=C1)N.CC(CC1=CC=CC=C1)N.C([C@@H](C(=O)O)N)C(=O)O,CC(N)Cc1ccccc1,<rdkit.Chem.rdchem.Mol object at 0x123951c40>,403.52300000000014,2.025600000000001,5,5,152.66,7,2,29,0.36363636363636365,0
309,872,CC(CC1=CC=CC=C1)N.CC(CC1=CC=CC=C1)N.OS(=O)(=O)O,CC(N)Cc1ccccc1,<rdkit.Chem.rdchem.Mol object at 0x123951cb0>,368.499,2.4998000000000005,4,4,126.64,4,2,25,0.3333333333333333,0
310,872,C[C@@H](CC1=CC=CC=C1)N.C[C@@H](CC1=CC=CC=C1)N.OS(=O)(=O)O,CC(N)Cc1ccccc1,<rdkit.Chem.rdchem.Mol object at 0x123951d20>,368.499,2.4998000000000005,4,4,126.64,4,2,25,0.3333333333333333,0
311,873,CC(CC1=CC=CC=C1)N.CC(CC1=CC=CC=C1)N.C([C@@H](C(=O)O)N)C(=O)O,CC(N)Cc1ccccc1,<rdkit.Chem.rdchem.Mol object at 0x123951d90>,403.52300000000014,2.025600000000001,5,5,152.66,7,2,29,0.36363636363636365,0
312,873,CC(CC1=CC=CC=C1)N.CC(CC1=CC=CC=C1)N.OS(=O)(=O)O,CC(N)Cc1ccccc1,<rdkit.Chem.rdchem.Mol object at 0x123951e00>,368.499,2.4998000000000005,4,4,126.64,4,2,25,0.3333333333333333,0
313,873,C[C@@H](CC1=CC=CC=C1)N.C[C@@H](CC1=CC=CC=C1)N.OS(=O)(=O)O,CC(N)Cc1ccccc1,<rdkit.Chem.rdchem.Mol object at 0x123951e70>,368.499,2.4998000000000005,4,4,126.64,4,2,25,0.3333333333333333,0
314,874,CC(CC1=CC=CC=C1)N.CC(CC1=CC=CC=C1)N.C([C@@H](C(=O)O)N)C(=O)O,CC(N)Cc1ccccc1,<rdkit.Chem.rdchem.Mol object at 0x123951ee0>,403.52300000000014,2.025600000000001,5,5,152.66,7,2,29,0.36363636363636365,0
315,874,CC(CC1=CC=CC=C1)N.CC(CC1=CC=CC=C1)N.OS(=O)(=O)O,CC(N)Cc1ccccc1,<rdkit.Chem.rdchem.Mol object at 0x123951f50>,368.499,2.4998000000000005,4,4,126.64,4,2,25,0.3333333333333333,0
316,874,C[C@@H](CC1=CC=CC=C1)N.C[C@@H](CC1=CC=CC=C1)N.OS(=O)(=O)O,CC(N)Cc1ccccc1,<rdkit.Chem.rdchem.Mol object at 0x123951fc0>,368.499,2.4998000000000005,4,4,126.64,4,2,25,0.3333333333333333,0
317,875,CC1(C(=[N+](C2=C1C3=CC=CC=C3C=C2)CCCCS(=O)(=O)[O-])/C=C/C=C/C=C/C=C/4\C(C5=C(N4CCCCS(=O)(=O)[O-])C=CC6=CC=CC=C65)(C)C)C.[Na+],CC1(C)C(=CC=CC=CC=CC2=[N+](CCCCS(=O)(=O)[O-])c3ccc4ccccc4c3C2(C)C)N(CCCCS(=O)(=O)[O-])c2ccc3ccccc3c21,<rdkit.Chem.rdchem.Mol object at 0x123952030>,774.9810000000002,5.374300000000005,0,7,120.65,14,6,54,0.32558139534883723,0
318,879,C1=CC2=C(C=C1Cl)NC(=O)O2,O=c1[nH]c2cc(Cl)ccc2o1,<rdkit.Chem.rdchem.Mol object at 0x1239520a0>,169.56699999999998,1.7744999999999997,1,2,46.0,0,2,11,0.0,0
319,880,CN1CCN(CC1)CCCN2C3=CC=CC=C3SC4=C2C=C(C=C4)C(F)(F)F.Cl.Cl,CN1CCN(CCCN2c3ccccc3Sc3ccc(C(F)(F)F)cc32)CC1,<rdkit.Chem.rdchem.Mol object at 0x123952110>,480.4270000000001,5.7892000000000055,0,4,9.72,4,4,30,0.42857142857142855,0
320,881,CN1CCN(CC1)CCCN2C3=CC=CC=C3SC4=C2C=C(C=C4)C(F)(F)F.Cl.Cl,CN1CCN(CCCN2c3ccccc3Sc3ccc(C(F)(F)F)cc32)CC1,<rdkit.Chem.rdchem.Mol object at 0x123952180>,480.4270000000001,5.7892000000000055,0,4,9.72,4,4,30,0.42857142857142855,0
321,882,CN1CCN(CC1)CCCN2C3=CC=CC=C3SC4=C2C=C(C=C4)C(F)(F)F.Cl.Cl,CN1CCN(CCCN2c3ccccc3Sc3ccc(C(F)(F)F)cc32)CC1,<rdkit.Chem.rdchem.Mol object at 0x1239521f0>,480.4270000000001,5.7892000000000055,0,4,9.72,4,4,30,0.42857142857142855,0
322,883,CN1CCN(CC1)CCCN2C3=CC=CC=C3SC4=C2C=C(C=C4)C(F)(F)F.Cl.Cl,CN1CCN(CCCN2c3ccccc3Sc3ccc(C(F)(F)F)cc32)CC1,<rdkit.Chem.rdchem.Mol object at 0x123952260>,480.4270000000001,5.7892000000000055,0,4,9.72,4,4,30,0.42857142857142855,0
323,884,CN1CCN(CC1)CCCN2C3=CC=CC=C3SC4=C2C=C(C=C4)C(F)(F)F.Cl.Cl,CN1CCN(CCCN2c3ccccc3Sc3ccc(C(F)(F)F)cc32)CC1,<rdkit.Chem.rdchem.Mol object at 0x1239522d0>,480.4270000000001,5.7892000000000055,0,4,9.72,4,4,30,0.42857142857142855,0
324,885,CN1CCN(CC1)CCCN2C3=CC=CC=C3SC4=C2C=C(C=C4)C(F)(F)F.Cl.Cl,CN1CCN(CCCN2c3ccccc3Sc3ccc(C(F)(F)F)cc32)CC1,<rdkit.Chem.rdchem.Mol object at 0x123952340>,480.4270000000001,5.7892000000000055,0,4,9.72,4,4,30,0.42857142857142855,0
325,887,C1=CC=C(C=C1)N2C(=O)C(C(=O)N2C3=CC=CC=C3)CCS(=O)C4=CC=CC=C4,O=C1C(CCS(=O)c2ccccc2)C(=O)N(c2ccccc2)N1c1ccccc1,<rdkit.Chem.rdchem.Mol object at 0x1239523b0>,404.49100000000016,3.7955000000000023,0,3,57.690000000000005,6,4,29,0.13043478260869565,0
326,889,CCC#CC(C)C1(C(=O)N=C(N(C1=O)C)[O-])CC=C.[Na+],C=CCC1(C(C)C#CCC)C(=O)N=C([O-])N(C)C1=O,<rdkit.Chem.rdchem.Mol object at 0x123952420>,284.291,-2.682699999999996,0,3,72.8,3,1,20,0.5,0
327,890,CCC#CC(C)C1(C(=O)N=C(N(C1=O)C)[O-])CC=C.[Na+],C=CCC1(C(C)C#CCC)C(=O)N=C([O-])N(C)C1=O,<rdkit.Chem.rdchem.Mol object at 0x123952490>,284.291,-2.682699999999996,0,3,72.8,3,1,20,0.5,0
328,894,C[C@]12C[C@@H]([C@]3([C@H]([C@@H]1C[C@@H]4[C@]2(OC(O4)(C)C)C(=O)CO)CCC5=CC(=O)C=C[C@@]53C)F)O,CC1(C)OC2CC3C4CCC5=CC(=O)C=CC5(C)C4(F)C(O)CC3(C)C2(C(=O)CO)O1,<rdkit.Chem.rdchem.Mol object at 0x123952500>,434.50400000000013,2.4188000000000005,2,6,93.06000000000002,2,5,31,0.75,0
329,895,C[C@]12C[C@@H]([C@]3([C@H]([C@@H]1C[C@@H]4[C@]2(OC(O4)(C)C)C(=O)CO)CCC5=CC(=O)C=C[C@@]53C)F)O,CC1(C)OC2CC3C4CCC5=CC(=O)C=CC5(C)C4(F)C(O)CC3(C)C2(C(=O)CO)O1,<rdkit.Chem.rdchem.Mol object at 0x123952570>,434.50400000000013,2.4188000000000005,2,6,93.06000000000002,2,5,31,0.75,0
330,896,C[C@]12C[C@@H]([C@]3([C@H]([C@@H]1C[C@@H]4[C@]2(OC(O4)(C)C)C(=O)CO)CCC5=CC(=O)C=C[C@@]53C)F)O,CC1(C)OC2CC3C4CCC5=CC(=O)C=CC5(C)C4(F)C(O)CC3(C)C2(C(=O)CO)O1,<rdkit.Chem.rdchem.Mol object at 0x1239525e0>,434.50400000000013,2.4188000000000005,2,6,93.06000000000002,2,5,31,0.75,0
331,897,C[C@]12C[C@@H]([C@]3([C@H]([C@@H]1C[C@@H]4[C@]2(OC(O4)(C)C)C(=O)CO)CCC5=CC(=O)C=C[C@@]53C)F)O,CC1(C)OC2CC3C4CCC5=CC(=O)C=CC5(C)C4(F)C(O)CC3(C)C2(C(=O)CO)O1,<rdkit.Chem.rdchem.Mol object at 0x123952650>,434.50400000000013,2.4188000000000005,2,6,93.06000000000002,2,5,31,0.75,0
332,898,C[C@]12C[C@@H]([C@]3([C@H]([C@@H]1C[C@@H]4[C@]2(OC(O4)(C)C)C(=O)CO)CCC5=CC(=O)C=C[C@@]53C)F)O,CC1(C)OC2CC3C4CCC5=CC(=O)C=CC5(C)C4(F)C(O)CC3(C)C2(C(=O)CO)O1,<rdkit.Chem.rdchem.Mol object at 0x1239526c0>,434.50400000000013,2.4188000000000005,2,6,93.06000000000002,2,5,31,0.75,0
333,899,C[C@]12C[C@@H]([C@]3([C@H]([C@@H]1C[C@@H]4[C@]2(OC(O4)(C)C)C(=O)CO)CCC5=CC(=O)C=C[C@@]53C)F)O,CC1(C)OC2CC3C4CCC5=CC(=O)C=CC5(C)C4(F)C(O)CC3(C)C2(C(=O)CO)O1,<rdkit.Chem.rdchem.Mol object at 0x123952730>,434.50400000000013,2.4188000000000005,2,6,93.06000000000002,2,5,31,0.75,0
334,906,CCCNC(=O)NS(=O)(=O)C1=CC=C(C=C1)Cl,CCCNC(=O)NS(=O)(=O)c1ccc(Cl)cc1,<rdkit.Chem.rdchem.Mol object at 0x1239527a0>,276.745,1.7379,2,3,75.27000000000001,4,1,17,0.3,0
335,907,CCCNC(=O)NS(=O)(=O)C1=CC=C(C=C1)Cl,CCCNC(=O)NS(=O)(=O)c1ccc(Cl)cc1,<rdkit.Chem.rdchem.Mol object at 0x123952810>,276.745,1.7379,2,3,75.27000000000001,4,1,17,0.3,0
336,910,C[C@@H]1C[C@H]2[C@@H]3CCC4=CC(=O)C=C[C@@]4([C@]3([C@H](C[C@@]2([C@]1(C(=O)CO)O)C)O)F)C,CC1CC2C3CCC4=CC(=O)C=CC4(C)C3(F)C(O)CC2(C)C1(O)C(=O)CO,<rdkit.Chem.rdchem.Mol object at 0x123952880>,392.4670000000001,1.8957,3,5,94.83000000000001,2,4,28,0.7272727272727273,0
337,911,C[C@@H]1C[C@H]2[C@@H]3CCC4=CC(=O)C=C[C@@]4([C@]3([C@H](C[C@@]2([C@]1(C(=O)CO)O)C)O)F)C,CC1CC2C3CCC4=CC(=O)C=CC4(C)C3(F)C(O)CC2(C)C1(O)C(=O)CO,<rdkit.Chem.rdchem.Mol object at 0x1239528f0>,392.4670000000001,1.8957,3,5,94.83000000000001,2,4,28,0.7272727272727273,0
338,912,C[C@@H]1C[C@H]2[C@@H]3CCC4=CC(=O)C=C[C@@]4([C@]3([C@H](C[C@@]2([C@]1(C(=O)CO)O)C)O)F)C,CC1CC2C3CCC4=CC(=O)C=CC4(C)C3(F)C(O)CC2(C)C1(O)C(=O)CO,<rdkit.Chem.rdchem.Mol object at 0x123952960>,392.4670000000001,1.8957,3,5,94.83000000000001,2,4,28,0.7272727272727273,0
339,913,C[C@@H]1C[C@H]2[C@@H]3CCC4=CC(=O)C=C[C@@]4([C@]3([C@H](C[C@@]2([C@]1(C(=O)CO)O)C)O)F)C,CC1CC2C3CCC4=CC(=O)C=CC4(C)C3(F)C(O)CC2(C)C1(O)C(=O)CO,<rdkit.Chem.rdchem.Mol object at 0x1239529d0>,392.4670000000001,1.8957,3,5,94.83000000000001,2,4,28,0.7272727272727273,0
340,914,C[C@@H]1C[C@H]2[C@@H]3CCC4=CC(=O)C=C[C@@]4([C@]3([C@H](C[C@@]2([C@]1(C(=O)CO)O)C)O)F)C,CC1CC2C3CCC4=CC(=O)C=CC4(C)C3(F)C(O)CC2(C)C1(O)C(=O)CO,<rdkit.Chem.rdchem.Mol object at 0x123952a40>,392.4670000000001,1.8957,3,5,94.83000000000001,2,4,28,0.7272727272727273,0
341,915,C[C@@H]1C[C@H]2[C@@H]3CCC4=CC(=O)C=C[C@@]4([C@]3([C@H](C[C@@]2([C@]1(C(=O)CO)O)C)O)F)C,CC1CC2C3CCC4=CC(=O)C=CC4(C)C3(F)C(O)CC2(C)C1(O)C(=O)CO,<rdkit.Chem.rdchem.Mol object at 0x123952ab0>,392.4670000000001,1.8957,3,5,94.83000000000001,2,4,28,0.7272727272727273,0
342,916,C[N+]1=CC=CC(=C1)OC(=O)N(C)C.[Br-],CN(C)C(=O)Oc1ccc[n+](C)c1,<rdkit.Chem.rdchem.Mol object at 0x123952b20>,261.11899999999997,-2.4244999999999974,0,2,33.42,1,1,14,0.3333333333333333,0
343,921,CC(CN1C2=CC=CC=C2SC3=CC=CC=C31)N(C)C.Cl,CC(CN1c2ccccc2Sc2ccccc21)N(C)C,<rdkit.Chem.rdchem.Mol object at 0x123952b90>,320.88899999999995,4.6612000000000045,0,3,6.48,3,3,21,0.29411764705882354,0
344,926,CN1CC[C@]23[C@@H]4C(=O)CC[C@]2([C@H]1CC5=C3C(=C(C=C5)O)O4)O.Cl,CN1CCC23c4c5ccc(O)c4OC2C(=O)CCC3(O)C1C5,<rdkit.Chem.rdchem.Mol object at 0x123952c00>,337.80299999999994,1.1669999999999996,2,5,70.00000000000001,0,5,23,0.5882352941176471,0
345,927,CN(CC1=CN=C2C(=N1)C(=NC(=N2)N)N)C3=CC=C(C=C3)C(=O)N[C@@H](CCC(=O)[O-])C(=O)[O-].[Na+].[Na+],CN(Cc1cnc2nc(N)nc(N)c2n1)c1ccc(C(=O)NC(CCC(=O)[O-])C(=O)[O-])cc1,<rdkit.Chem.rdchem.Mol object at 0x123952c70>,498.4110000000003,-8.393000000000011,3,12,216.2,9,3,35,0.25,0
346,928,CN(CC1=CN=C2C(=N1)C(=NC(=N2)N)N)C3=CC=C(C=C3)C(=O)N[C@@H](CCC(=O)[O-])C(=O)[O-].[Na+].[Na+],CN(Cc1cnc2nc(N)nc(N)c2n1)c1ccc(C(=O)NC(CCC(=O)[O-])C(=O)[O-])cc1,<rdkit.Chem.rdchem.Mol object at 0x123952ce0>,498.4110000000003,-8.393000000000011,3,12,216.2,9,3,35,0.25,0
347,929,CN(CC1=CN=C2C(=N1)C(=NC(=N2)N)N)C3=CC=C(C=C3)C(=O)N[C@@H](CCC(=O)[O-])C(=O)[O-].[Na+].[Na+],CN(Cc1cnc2nc(N)nc(N)c2n1)c1ccc(C(=O)NC(CCC(=O)[O-])C(=O)[O-])cc1,<rdkit.Chem.rdchem.Mol object at 0x123952d50>,498.4110000000003,-8.393000000000011,3,12,216.2,9,3,35,0.25,0
348,930,CN(CC1=CN=C2C(=N1)C(=NC(=N2)N)N)C3=CC=C(C=C3)C(=O)N[C@@H](CCC(=O)[O-])C(=O)[O-].[Na+].[Na+],CN(Cc1cnc2nc(N)nc(N)c2n1)c1ccc(C(=O)NC(CCC(=O)[O-])C(=O)[O-])cc1,<rdkit.Chem.rdchem.Mol object at 0x123952dc0>,498.4110000000003,-8.393000000000011,3,12,216.2,9,3,35,0.25,0
349,931,CN(CC1=CN=C2C(=N1)C(=NC(=N2)N)N)C3=CC=C(C=C3)C(=O)N[C@@H](CCC(=O)[O-])C(=O)[O-].[Na+].[Na+],CN(Cc1cnc2nc(N)nc(N)c2n1)c1ccc(C(=O)NC(CCC(=O)[O-])C(=O)[O-])cc1,<rdkit.Chem.rdchem.Mol object at 0x123952e30>,498.4110000000003,-8.393000000000011,3,12,216.2,9,3,35,0.25,0
350,932,CN(CC1=CN=C2C(=N1)C(=NC(=N2)N)N)C3=CC=C(C=C3)C(=O)N[C@@H](CCC(=O)[O-])C(=O)[O-].[Na+].[Na+],CN(Cc1cnc2nc(N)nc(N)c2n1)c1ccc(C(=O)NC(CCC(=O)[O-])C(=O)[O-])cc1,<rdkit.Chem.rdchem.Mol object at 0x123952ea0>,498.4110000000003,-8.393000000000011,3,12,216.2,9,3,35,0.25,0
351,933,CN(CC1=CN=C2C(=N1)C(=NC(=N2)N)N)C3=CC=C(C=C3)C(=O)N[C@@H](CCC(=O)[O-])C(=O)[O-].[Na+].[Na+],CN(Cc1cnc2nc(N)nc(N)c2n1)c1ccc(C(=O)NC(CCC(=O)[O-])C(=O)[O-])cc1,<rdkit.Chem.rdchem.Mol object at 0x123952f10>,498.4110000000003,-8.393000000000011,3,12,216.2,9,3,35,0.25,0
352,934,CN(CC1=CN=C2C(=N1)C(=NC(=N2)N)N)C3=CC=C(C=C3)C(=O)N[C@@H](CCC(=O)[O-])C(=O)[O-].[Na+].[Na+],CN(Cc1cnc2nc(N)nc(N)c2n1)c1ccc(C(=O)NC(CCC(=O)[O-])C(=O)[O-])cc1,<rdkit.Chem.rdchem.Mol object at 0x123952f80>,498.4110000000003,-8.393000000000011,3,12,216.2,9,3,35,0.25,0
353,935,CN(CC1=CN=C2C(=N1)C(=NC(=N2)N)N)C3=CC=C(C=C3)C(=O)N[C@@H](CCC(=O)[O-])C(=O)[O-].[Na+].[Na+],CN(Cc1cnc2nc(N)nc(N)c2n1)c1ccc(C(=O)NC(CCC(=O)[O-])C(=O)[O-])cc1,<rdkit.Chem.rdchem.Mol object at 0x123952ff0>,498.4110000000003,-8.393000000000011,3,12,216.2,9,3,35,0.25,0
354,936,CN(CC1=CN=C2C(=N1)C(=NC(=N2)N)N)C3=CC=C(C=C3)C(=O)N[C@@H](CCC(=O)[O-])C(=O)[O-].[Na+].[Na+],CN(Cc1cnc2nc(N)nc(N)c2n1)c1ccc(C(=O)NC(CCC(=O)[O-])C(=O)[O-])cc1,<rdkit.Chem.rdchem.Mol object at 0x123953060>,498.4110000000003,-8.393000000000011,3,12,216.2,9,3,35,0.25,0
355,937,CN(CC1=CN=C2C(=N1)C(=NC(=N2)N)N)C3=CC=C(C=C3)C(=O)N[C@@H](CCC(=O)[O-])C(=O)[O-].[Na+].[Na+],CN(Cc1cnc2nc(N)nc(N)c2n1)c1ccc(C(=O)NC(CCC(=O)[O-])C(=O)[O-])cc1,<rdkit.Chem.rdchem.Mol object at 0x1239530d0>,498.4110000000003,-8.393000000000011,3,12,216.2,9,3,35,0.25,0
356,938,CN(CC1=CN=C2C(=N1)C(=NC(=N2)N)N)C3=CC=C(C=C3)C(=O)N[C@@H](CCC(=O)[O-])C(=O)[O-].[Na+].[Na+],CN(Cc1cnc2nc(N)nc(N)c2n1)c1ccc(C(=O)NC(CCC(=O)[O-])C(=O)[O-])cc1,<rdkit.Chem.rdchem.Mol object at 0x123953140>,498.4110000000003,-8.393000000000011,3,12,216.2,9,3,35,0.25,0
357,939,CC(=O)N=C1N(N=C(S1)S(=O)(=O)N)C,CC(=O)N=c1sc(S(N)(=O)=O)nn1C,<rdkit.Chem.rdchem.Mol object at 0x1239531b0>,236.278,-1.4237999999999997,1,6,107.40999999999998,1,1,14,0.4,0
358,940,CC(=O)N=C1N(N=C(S1)S(=O)(=O)N)C,CC(=O)N=c1sc(S(N)(=O)=O)nn1C,<rdkit.Chem.rdchem.Mol object at 0x123953220>,236.278,-1.4237999999999997,1,6,107.40999999999998,1,1,14,0.4,0
359,941,CCN(CC)C(C)C(=O)C1=CC=CC=C1.Cl,CCN(CC)C(C)C(=O)c1ccccc1,<rdkit.Chem.rdchem.Mol object at 0x123953290>,241.76200000000003,3.021400000000002,0,2,20.310000000000002,5,1,16,0.46153846153846156,0
360,947,C1CN(CCN1CCCN2C3=CC=CC=C3SC4=C2C=C(C=C4)C(F)(F)F)CCO.Cl.Cl,OCCN1CCN(CCCN2c3ccccc3Sc3ccc(C(F)(F)F)cc32)CC1,<rdkit.Chem.rdchem.Mol object at 0x123953300>,510.45300000000015,5.151700000000006,1,5,29.950000000000003,6,4,32,0.45454545454545453,0
361,948,C1CN(CCN1CCCN2C3=CC=CC=C3SC4=C2C=C(C=C4)C(F)(F)F)CCO.Cl.Cl,OCCN1CCN(CCCN2c3ccccc3Sc3ccc(C(F)(F)F)cc32)CC1,<rdkit.Chem.rdchem.Mol object at 0x123953370>,510.45300000000015,5.151700000000006,1,5,29.950000000000003,6,4,32,0.45454545454545453,0
362,949,C1CN(CCN1CCCN2C3=CC=CC=C3SC4=C2C=C(C=C4)C(F)(F)F)CCO.Cl.Cl,OCCN1CCN(CCCN2c3ccccc3Sc3ccc(C(F)(F)F)cc32)CC1,<rdkit.Chem.rdchem.Mol object at 0x1239533e0>,510.45300000000015,5.151700000000006,1,5,29.950000000000003,6,4,32,0.45454545454545453,0
363,950,C1CN(CCN1CCCN2C3=CC=CC=C3SC4=C2C=C(C=C4)C(F)(F)F)CCO.Cl.Cl,OCCN1CCN(CCCN2c3ccccc3Sc3ccc(C(F)(F)F)cc32)CC1,<rdkit.Chem.rdchem.Mol object at 0x123953450>,510.45300000000015,5.151700000000006,1,5,29.950000000000003,6,4,32,0.45454545454545453,0
364,954,C[C@H]1C[C@H]2[C@@H]3CC[C@@]([C@]3(C[C@@H]([C@@H]2[C@@]4(C1=CC(=O)C=C4)C)O)C)(C(=O)COC(=O)C)O,CC(=O)OCC(=O)C1(O)CCC2C3CC(C)C4=CC(=O)C=CC4(C)C3C(O)CC21C,<rdkit.Chem.rdchem.Mol object at 0x1239534c0>,416.51400000000024,2.374400000000001,2,6,100.89999999999999,3,4,30,0.7083333333333334,0
365,955,C[C@H]1C[C@H]2[C@@H]3CC[C@@]([C@]3(C[C@@H]([C@@H]2[C@@]4(C1=CC(=O)C=C4)C)O)C)(C(=O)COC(=O)C)O,CC(=O)OCC(=O)C1(O)CCC2C3CC(C)C4=CC(=O)C=CC4(C)C3C(O)CC21C,<rdkit.Chem.rdchem.Mol object at 0x123953530>,416.51400000000024,2.374400000000001,2,6,100.89999999999999,3,4,30,0.7083333333333334,0
366,956,C[C@H]1C[C@H]2[C@@H]3CC[C@@]([C@]3(C[C@@H]([C@@H]2[C@@]4(C1=CC(=O)C=C4)C)O)C)(C(=O)COC(=O)C)O,CC(=O)OCC(=O)C1(O)CCC2C3CC(C)C4=CC(=O)C=CC4(C)C3C(O)CC21C,<rdkit.Chem.rdchem.Mol object at 0x1239535a0>,416.51400000000024,2.374400000000001,2,6,100.89999999999999,3,4,30,0.7083333333333334,0
367,966,COC1=CC=CC=C1OCC(COC(=O)N)O,COc1ccccc1OCC(O)COC(N)=O,<rdkit.Chem.rdchem.Mol object at 0x123953610>,241.24299999999994,0.5301999999999998,2,5,91.01,6,1,17,0.36363636363636365,0
368,967,CCCC(C)(COC(=O)N)COC(=O)NC(C)C,CCCC(C)(COC(N)=O)COC(=O)NC(C)C,<rdkit.Chem.rdchem.Mol object at 0x123953680>,260.334,2.0227,2,4,90.65,7,0,18,0.8333333333333334,0
369,968,CCCC(C)(COC(=O)N)COC(=O)NC(C)C,CCCC(C)(COC(N)=O)COC(=O)NC(C)C,<rdkit.Chem.rdchem.Mol object at 0x1239536f0>,260.334,2.0227,2,4,90.65,7,0,18,0.8333333333333334,0
370,969,CCCC(C)(COC(=O)N)COC(=O)NC(C)C,CCCC(C)(COC(N)=O)COC(=O)NC(C)C,<rdkit.Chem.rdchem.Mol object at 0x123953760>,260.334,2.0227,2,4,90.65,7,0,18,0.8333333333333334,0
371,974,CN1CCCCC1CCN2C3=CC=CC=C3SC4=C2C=C(C=C4)SC.Cl,CSc1ccc2c(c1)N(CCC1CCCCN1C)c1ccccc1S2,<rdkit.Chem.rdchem.Mol object at 0x1239537d0>,407.04800000000006,6.307400000000007,0,4,6.48,4,4,26,0.42857142857142855,0
372,975,CN1CCCCC1CCN2C3=CC=CC=C3SC4=C2C=C(C=C4)SC.Cl,CSc1ccc2c(c1)N(CCC1CCCCN1C)c1ccccc1S2,<rdkit.Chem.rdchem.Mol object at 0x123953840>,407.04800000000006,6.307400000000007,0,4,6.48,4,4,26,0.42857142857142855,0
373,976,CN1CCCCC1CCN2C3=CC=CC=C3SC4=C2C=C(C=C4)SC.Cl,CSc1ccc2c(c1)N(CCC1CCCCN1C)c1ccccc1S2,<rdkit.Chem.rdchem.Mol object at 0x1239538b0>,407.04800000000006,6.307400000000007,0,4,6.48,4,4,26,0.42857142857142855,0
374,977,CN1CCCCC1CCN2C3=CC=CC=C3SC4=C2C=C(C=C4)SC.Cl,CSc1ccc2c(c1)N(CCC1CCCCN1C)c1ccccc1S2,<rdkit.Chem.rdchem.Mol object at 0x123953920>,407.04800000000006,6.307400000000007,0,4,6.48,4,4,26,0.42857142857142855,0
375,979,CN1CCCCC1CCN2C3=CC=CC=C3SC4=C2C=C(C=C4)SC.Cl,CSc1ccc2c(c1)N(CCC1CCCCN1C)c1ccccc1S2,<rdkit.Chem.rdchem.Mol object at 0x123953990>,407.04800000000006,6.307400000000007,0,4,6.48,4,4,26,0.42857142857142855,0
376,980,CN1CCCCC1CCN2C3=CC=CC=C3SC4=C2C=C(C=C4)SC.Cl,CSc1ccc2c(c1)N(CCC1CCCCN1C)c1ccccc1S2,<rdkit.Chem.rdchem.Mol object at 0x123953a00>,407.04800000000006,6.307400000000007,0,4,6.48,4,4,26,0.42857142857142855,0
377,981,CN1CCCCC1CCN2C3=CC=CC=C3SC4=C2C=C(C=C4)SC.Cl,CSc1ccc2c(c1)N(CCC1CCCCN1C)c1ccccc1S2,<rdkit.Chem.rdchem.Mol object at 0x123953a70>,407.04800000000006,6.307400000000007,0,4,6.48,4,4,26,0.42857142857142855,0
378,985,C1NC2=CC(=C(C=C2S(=O)(=O)N1)S(=O)(=O)N)Cl,NS(=O)(=O)c1cc2c(cc1Cl)NCNS2(=O)=O,<rdkit.Chem.rdchem.Mol object at 0x123953ae0>,297.745,-0.3512999999999999,3,5,118.36,1,2,17,0.14285714285714285,0
379,986,C1NC2=CC(=C(C=C2S(=O)(=O)N1)S(=O)(=O)N)Cl,NS(=O)(=O)c1cc2c(cc1Cl)NCNS2(=O)=O,<rdkit.Chem.rdchem.Mol object at 0x123953b50>,297.745,-0.3512999999999999,3,5,118.36,1,2,17,0.14285714285714285,0
380,987,C1NC2=CC(=C(C=C2S(=O)(=O)N1)S(=O)(=O)N)Cl,NS(=O)(=O)c1cc2c(cc1Cl)NCNS2(=O)=O,<rdkit.Chem.rdchem.Mol object at 0x123953bc0>,297.745,-0.3512999999999999,3,5,118.36,1,2,17,0.14285714285714285,0
381,992,C[C@H]1C[C@@H]2[C@H](CC[C@]3([C@H]2CC[C@@]3(C(=O)C)OC(=O)C)C)[C@@]4(C1=CC(=O)CC4)C,CC(=O)OC1(C(C)=O)CCC2C3CC(C)C4=CC(=O)CCC4(C)C3CCC21C,<rdkit.Chem.rdchem.Mol object at 0x123953c30>,386.5320000000002,4.655200000000004,0,4,60.440000000000005,2,4,28,0.7916666666666666,0
382,993,C[C@H]1C[C@@H]2[C@H](CC[C@]3([C@H]2CC[C@@]3(C(=O)C)OC(=O)C)C)[C@@]4(C1=CC(=O)CC4)C,CC(=O)OC1(C(C)=O)CCC2C3CC(C)C4=CC(=O)CCC4(C)C3CCC21C,<rdkit.Chem.rdchem.Mol object at 0x123953ca0>,386.5320000000002,4.655200000000004,0,4,60.440000000000005,2,4,28,0.7916666666666666,0
383,994,C[C@H]1C[C@@H]2[C@H](CC[C@]3([C@H]2CC[C@@]3(C(=O)C)OC(=O)C)C)[C@@]4(C1=CC(=O)CC4)C,CC(=O)OC1(C(C)=O)CCC2C3CC(C)C4=CC(=O)CCC4(C)C3CCC21C,<rdkit.Chem.rdchem.Mol object at 0x123953d10>,386.5320000000002,4.655200000000004,0,4,60.440000000000005,2,4,28,0.7916666666666666,0
384,995,C[C@H]1C[C@H]2[C@@H]3CC[C@@]([C@]3(C[C@@H]([C@@H]2[C@@]4(C1=CC(=O)C=C4)C)O)C)(C(=O)COC(=O)CCC(=O)[O-])O.[Na+],CC1CC2C(C(O)CC3(C)C2CCC3(O)C(=O)COC(=O)CCC(=O)[O-])C2(C)C=CC(=O)C=C12,<rdkit.Chem.rdchem.Mol object at 0x123953d80>,496.5320000000004,-2.1113999999999935,2,8,141.02999999999997,6,4,35,0.6923076923076923,0
385,996,C[C@H]1C[C@H]2[C@@H]3CC[C@@]([C@]3(C[C@@H]([C@@H]2[C@@]4(C1=CC(=O)C=C4)C)O)C)(C(=O)COC(=O)CCC(=O)[O-])O.[Na+],CC1CC2C(C(O)CC3(C)C2CCC3(O)C(=O)COC(=O)CCC(=O)[O-])C2(C)C=CC(=O)C=C12,<rdkit.Chem.rdchem.Mol object at 0x123953df0>,496.5320000000004,-2.1113999999999935,2,8,141.02999999999997,6,4,35,0.6923076923076923,0
386,997,C[C@H]1C[C@H]2[C@@H]3CC[C@@]([C@]3(C[C@@H]([C@@H]2[C@@]4(C1=CC(=O)C=C4)C)O)C)(C(=O)COC(=O)CCC(=O)[O-])O.[Na+],CC1CC2C(C(O)CC3(C)C2CCC3(O)C(=O)COC(=O)CCC(=O)[O-])C2(C)C=CC(=O)C=C12,<rdkit.Chem.rdchem.Mol object at 0x123953e60>,496.5320000000004,-2.1113999999999935,2,8,141.02999999999997,6,4,35,0.6923076923076923,0
387,998,C[C@H]1C[C@H]2[C@@H]3CC[C@@]([C@]3(C[C@@H]([C@@H]2[C@@]4(C1=CC(=O)C=C4)C)O)C)(C(=O)COC(=O)CCC(=O)[O-])O.[Na+],CC1CC2C(C(O)CC3(C)C2CCC3(O)C(=O)COC(=O)CCC(=O)[O-])C2(C)C=CC(=O)C=C12,<rdkit.Chem.rdchem.Mol object at 0x123953ed0>,496.5320000000004,-2.1113999999999935,2,8,141.02999999999997,6,4,35,0.6923076923076923,0
388,999,C[C@H]1C[C@H]2[C@@H]3CC[C@@]([C@]3(C[C@@H]([C@@H]2[C@@]4(C1=CC(=O)C=C4)C)O)C)(C(=O)COC(=O)CCC(=O)[O-])O.[Na+],CC1CC2C(C(O)CC3(C)C2CCC3(O)C(=O)COC(=O)CCC(=O)[O-])C2(C)C=CC(=O)C=C12,<rdkit.Chem.rdchem.Mol object at 0x123953f40>,496.5320000000004,-2.1113999999999935,2,8,141.02999999999997,6,4,35,0.6923076923076923,0
